case,speaker,content,is_fraud
案例-0,陈某,再也不相信天上掉馅饼的事了。,False
案例-0,陈某,先以介绍工作、谈恋爱、做生意等各种理由，通过微信或电话将人骗到资阳。,True
案例-0,陈某,将人骗到资阳后，再将新人带到“家”里，由“家长”安排熟手洗脑，让新人自愿掏钱购买“产品”，加入传销组织。,True
案例-0,陈某,交钱只能是现金，且只有C级及以上人员才能资格收钱，随后上交。,True
案例-0,陈某,按照传销组织设立的规则，购买一套2800元的“化妆品”，约有一半的资金被A级别高层瓜分，剩下一半才按不同级别、不同比例来分。,True
案例-0,陈某,举例说，晋升到B级，除了可以住酒店，每月还可以获得数万元奖金。而像D、E级这种底层，如果拉不到新人交钱，大多数每天都啃土豆和白菜，连见肉都难。,True
案例-1,赖某,民警同志，请问我可以办理营业执照吗？,False
案例-1,民警,你为什么要办营业执照？有什么打算？,False
案例-1,赖某,我看到了一则广告，说可以在网上办理营业执照，而且还有国家秘密扶贫项目。听起来很有吸引力。,False
案例-1,民警,这个广告是在哪个平台上看到的？你是如何联系到相关平台的人员的？,False
案例-1,赖某,我是在抖音短视频平台看到的广告，然后我搜了很多资料，在网上联系到了相关平台的人员。,False
案例-1,民警,他们是怎么说服你的？你对他们的承诺有多大信心？,False
案例-1,赖某,他们告诉我有个国家扶贫项目，只需要低投入就可以获得高收益，而且还说可以通过投资平台成为合伙人，享受分红。我对他们的承诺非常有信心。,False
案例-1,民警,你提交个人资料后等了多久没有收到审批结果？,False
案例-1,赖某,我已经提交了很多个人资料，可是一直没有收到审批结果。可能是需要一些时间吧。,False
案例-1,民警,赖某先生，我必须告诉你，你被骗了。这个项目是假的，没有任何国家扶贫项目可以通过网上投资获得高收益的。,False
案例-1,赖某,什么！我怎么可能被骗？平台的人明明给了我那么多保证，我以为自己是个幸运儿。,False
案例-1,民警,诈骗分子往往利用人们的贪欲和侥幸心理来进行欺骗，他们给你无限美好的承诺，让你以为自己是特殊的，然后骗走你的钱财。现实生活中诈骗无处不在，不要轻易相信一夜暴富的诱惑，只有脚踏实地，勤劳才能致富。,False
案例-2,姚某,大家好，我是恩多多的创始人姚某。今天我想向大家介绍一下我们公司的运营方式和恩多多的使用方法。,False
案例-2,张某,大家好，我是教育总监张某，很高兴能在这里与大家交流。在接下来的时间里，我会和姚总一起详细介绍一下我们的公司和产品。,False
案例-2,姚某,感谢张某的介绍。首先，我要告诉大家，恩多多并不是传销，而是一个创新的购物平台。我们的目标是为消费者提供更便宜的商品和更高的返利。,False
案例-2,张某,是的，恩多多的核心理念就是让用户享受购物的同时也能赚到钱。每次在恩多多上购物后，我们会给用户一定的返利作为回报。这是一个互利的平台。,False
案例-2,姚某,没错，我们的返利是非常高的。实际上，你在恩多多上购物花的钱并不算什么，只要你能吸引更多的用户加入，你就有机会赚到更多的返利。,True
案例-2,张某,是的，我们的返利机制是十分简单的。你购买商品后，可以将商品在恩多多上售出。平台会扣除一定的手续费后，剩余的钱会返还给你。这样你就可以获得额外的收入。,False
案例-2,姚某,正确！通过这种方式，你不仅能赚到返利，还能提升你在恩多多的等级。等级越高，你获得的返利就会越多。所以，你要多多发展下线，让更多的人加入恩多多。,True
案例-2,张某,是的，我们的等级制度是根据你的购物金额和下线人数来决定的。购物金额越高，下线人数越多，你的等级就会越高。等级越高，你获得的返利就会越多。,False
案例-2,姚某,没错，这是一个很公平的机制。只要你能努力发展下线，你就有机会赚到更多的钱。而且，我们公司的返利机制是可以持续的，你的收入将会持续增长。,True
案例-2,张某,是的，恩多多的发展前景非常好。我们已经有了很多成功的案例，许多会员通过恩多多赚到了大量的钱。而且，我们的发展趋势也非常乐观。,False
案例-3,李明,你好，请问你对在线投资有没有兴趣？,False
案例-3,王丽,有点兴趣，你有什么项目可以介绍吗？,False
案例-3,李明,当然有啦！我们公司目前正在推出一种利润高、风险低的投资计划，你有没有听说过“滚动收益计划”？,True
案例-3,王丽,没听说过，能具体说说是怎么回事吗？,False
案例-3,李明,滚动收益计划是一种通过投资互联网金融项目来获取高额收益的计划。我们可以帮你投资在各类高收益的项目上，每个月获得稳定的收益，保本保息哦！,True
案例-3,王丽,听起来不错，但是我还是有一些疑问。这个计划是否安全可靠呢？,False
案例-3,李明,非常安全可靠！我们公司已经有多年的经验，在互联网金融领域有良好的声誉，而且我们也是符合监管要求的合法公司。你不用担心，我们会为你做出详细的投资方案和风险评估报告，确保你的资金安全！,True
案例-3,王丽,那投资的金额和周期是怎么样的呢？,False
案例-3,李明,你可以根据自己的实际情况来投资，最低投资金额是10000元，投资周期可以根据你的需求来选择，最短一个月起。不过，我们建议你能够长期持有，这样收益会更稳定哦！,False
案例-3,王丽,好的，我会考虑一下的。但是，我还是想了解一下投资的风险。,False
案例-3,李明,投资是有风险的，但是我们会帮你进行全面的风险评估和控制。而且，我们公司还有一支专业的团队，会及时调整投资组合，降低风险并提高收益！,False
案例-3,王丽,好的，我会仔细考虑的，谢谢你的介绍！,False
案例-3,李明,不客气，也欢迎你随时联系我们。我们公司专业的投资经理会为你量身定制投资方案，让你的财富倍增！,True
案例-4,王女士,半年没见到儿子了，我决定坐火车去兰州看他。,False
案例-4,王女士,儿子跟一个叫张琳琳的女孩在一起，在我都不知道的情况下还订婚了。,False
案例-4,王女士,儿子告诉我他生病住院了，还需要钱做手术。,False
案例-4,王女士,我转了5万元给儿子的女友，她说手术费不够还要3万元。,False
案例-4,民警,接到报警后，我们立即展开调查，发现于某的彩超报告是假的。,False
案例-4,民警,我们进一步调查发现，于某其实在陕西渭南。,False
案例-4,民警,经过调查我们发现于某是被一个诈骗团伙骗取了21万元。,False
案例-5,张某模,哎，我上个月认识了一个叫陈健的女孩，我们在网上聊了一段时间，后来确定了恋爱关系。,False
案例-5,张某模,她和我说她在南阳有一份工作，每个月能有4000元至6000元的收入，我想着换个工作也挺好的。,False
案例-5,张某模,于是我就坐火车来到南阳和她见面，没想到见面的第二天，她和她的朋友就开始给我讲怎么赚钱。,False
案例-5,张某模,他们说要交2900元作为加盟资格，然后拉自己的亲戚朋友进来，只要能持续地拉人头、交钱，就可以从中获得更多提成。,True
案例-5,张某模,他们还说这个事业可以学到口才学、心理学、人际交往学等知识，而且可以买别墅、开豪车，给爱人幸福。,True
案例-5,张某模,他们一直这么夸下去，我就动心了，觉得这个事业挺好的，可以实现财富自由。,False
案例-5,张某模,我第一单是从亲戚那里借了3000元，做了一单生意。结果他们觉得不够，又让我从表哥表姐那里借了6000元做了两单。,True
案例-5,张某模,为了更快地发展业绩，我又把弟弟张某吉从贵州老家骗到了南阳，让他也做这个事业。,False
案例-5,袁某钢,欢迎加入我们的团队，这是一个特别有意义的事业，只要持续发展下线，我们都能成为富豪。,True
案例-5,张某吉,一开始我觉得这像传销，不太相信。但看到其他人很容易就赚到钱，我也动了心，开始拉人当我的下线。,False
案例-5,张某吉,我发展了六七个下线，有同学也有网友。,False
案例-5,张某模,我们被窝点教的骗术有三种：一种是洗脑亲戚朋友，拉人头发展成下线；一种是以网恋的名义骗网友过来，再发展成下线；还有一种是卖惨，伪造受伤严重急需治疗的假象，骗取巨额钱款。,True
案例-5,张某模,不过，后来陈健把我拉黑了，我才知道她根本不是真心谈恋爱，只是为了骗人拉下线。,True
案例-5,警方,我们发现的线索，抓捕了窝点的高层级人员，还有200多个犯罪嫌疑人。我们救出了400多名刚被骗入窝点不久的年轻人。,False
案例-6,祁先生,我们当时也没问，就开始听课，反正当时人很多呢，一群人围着那个办公桌。,False
案例-6,投资公司,我们公司是一家大型的投资公司，管理资产超过5个亿。只要有意向的人，都可以来我们公司听免费的投资课，参与到公司的经营和分红。,True
案例-6,祁先生,这个项目听起来很有意思，既能赚钱又能享受旅居式养老。,False
案例-6,投资公司,是的，这个项目是专门为退休老人打造的，投资门槛只需要6000元，每天都可以获得150元的收益。,True
案例-6,祁先生,那听起来不错，我可以投资试试看。,False
案例-6,投资公司,非常欢迎您的加入！而且，我公司的董事长将会场上签署保本协议，保证您的本金安全。,True
案例-6,祁先生,那太好了！祁某愿意加入。,False
案例-6,投资公司,非常感谢您的支持！您的6000元投资将帮助我们的项目更好地发展。,True
案例-6,祁先生,投资后的第二天，我就收到了账户里的收益。,False
案例-6,投资公司,是的，我们公司非常注重回报给会员。接下来，我们还会举办一场迎新会，为您和其他新会员欢迎大家的加入。,True
案例-6,祁先生,听起来很有趣，我很期待参加迎新会。,False
案例-6,投资公司,那就太好了！您会和其他会员一起到当地的高档场所参加迎新会，并可以亲眼看到我们公司正在建设的度假村。,True
案例-6,祁先生,这样的机会真是太难得了，我一定要去看看。,False
案例-6,投资公司,非常感谢您对我们公司的支持！我们真心希望您能够享受到投资和养老的双重益处。,True
案例-6,祁先生,我会尽力推荐更多的人加入的。,False
案例-6,投资公司,非常感谢您的努力！我们公司也会给予优秀战队额外的奖励。,True
案例-6,祁先生,这真是太棒了！我会尽力发展下线的。,False
案例-6,投资公司,非常感谢您的支持！只要您能够吸引更多的新会员加入，您的收益就会越多。,True
案例-6,祁先生,我会尽我所能，让更多的人了解我们公司的优势。,False
案例-6,投资公司,非常感谢您的努力！我们相信您能够在我们公司取得很好的收益。,True
案例-6,祁先生,我会努力的，也希望能够获得更多的回报。,False
案例-6,投资公司,非常感谢您的支持！只要您继续努力，我们公司肯定会给予更多的奖励。,True
案例-6,祁先生,我一定不会辜负公司对我的期望。,False
案例-6,投资公司,非常感谢您的信任和支持！我们公司将继续为您提供更好的服务。,True
案例-6,祁先生,我会一直支持公司的发展。,False
案例-6,投资公司,非常感谢您的支持！我们将共同努力，一起创造更好的未来。,True
案例-6,祁先生,我相信我们会有很光明的未来。,False
案例-7,王明,你好，请问是张三先生吗？我是中国银行的客服员王明，有关您的账户和信用卡信息有一些问题需要确认，请您耐心配合。,False
案例-7,张三,是的，我就是张三。有什么问题需要确认吗？,False
案例-7,王明,非常感谢您的配合。我们发现您的账户存在异常交易，涉及一笔金额较大的转账。为了保护您的财产安全，请您告诉我您的账户信息以进行核实。,True
案例-7,张三,我的账户信息？这些信息应该是您银行已经知道的吧？,False
案例-7,王明,是的，但是我们需要再次核对以确保您的账户安全。请问您的卡号、密码、验证码以及其他绑定信息如何？,True
案例-7,张三,这些信息是私人的，我不太方便将它们告诉您。,False
案例-7,王明,非常理解您的担忧。为了确保您的账户安全，您可以拨打中国银行官方客服热线，我们的工作人员会为您提供帮助。,True
案例-7,张三,好的，我会拨打中国银行的官方客服热线核实此事，谢谢您的提醒。,False
案例-8,马女士,你推荐的这个软件真的能免费打电话吗？,False
案例-8,朋友,当然可以啦！我自己也在用呢。你下载了这个软件之后，按照指导操作就可以享受1年内免费拨打电话的服务了。,False
案例-8,马女士,这个软件是什么运营商呢？,False
案例-8,朋友,它自称是第四大运营商哦，号码是以166开头的。而且他们还拥有自制的“第二类电信增值服务呼叫中心”业务牌照，看起来非常正规。,False
案例-8,马女士,听起来挺不错的，既能省钱又能赚外快，我要试试看。,False
案例-8,朋友,没错没错，你下载之后先享受免费通话的福利，然后如果你能推荐给其他人使用，你还能获得推广返利哦。,False
案例-8,马女士,那还不错，我要试试看能不能赚点外快。,False
案例-8,朋友,没问题，你试用几天之后如果觉得满意的话，就交纳1000元成为会员，这样你就可以继续享受免费通话的福利，并且通过推广来赚取额外的收入。,False
案例-8,马女士,1000元会员费有点贵啊，你确定这个软件靠谱吗？,False
案例-8,朋友,放心吧，我已经用了好几个月了，一直都没有出过什么问题。而且1000元对于一年内免费通话来说也不算太贵了，你想想，换一个手机卡的费用都要比这个贵得多呢。,False
案例-8,马女士,好吧，既然你这么肯定，那我就试试看吧。,False
案例-8,朋友,没错没错，你肯定不会后悔的！赶快下载吧，我会一直在这里等着你。,False
案例-8,马女士,好的，我马上就去下载。,False
案例-8,客服人员,欢迎使用国通电话，我是客服人员小李，请问有什么可以帮到您的吗？,False
案例-8,马女士,你好，我是新下载的用户，我想先试用一下这个应用的免费通话功能。,False
案例-8,客服人员,您好！对于新用户，我们提供免费通话的试用期，您可以先随意拨打电话，不限区内区外，不限时长。,False
案例-8,马女士,太好了！谢谢你的帮助。,False
案例-8,朋友,怎么样，马女士，使用体验如何？,False
案例-8,马女士,非常流畅，声音质量也很好，完全和我之前用的手机卡一样。看来这个软件确实挺不错的。,False
案例-8,客服人员,亲爱的用户，我是客服人员小张，您好！可以麻烦您完善一下您的个人资料吗？这样方便我们更好地为您提供服务。,False
案例-8,马女士,好的，我马上填写。,False
案例-8,朋友,马女士，你已经使用了一段时间了吧，觉得怎么样？,False
案例-8,马女士,非常好用！不仅节省了通话费用，还可以通过推广赚一些返利，真是意外的收获。,False
案例-8,朋友,是吗是吗，这样就更好了，赚返利可是轻轻松松的事情，要坚持推广哦。,False
案例-8,马女士,当然，我会一直推广下去的。,False
案例-8,朋友,你做得很好！如果你再推荐给2个人使用，你的会员费就能回本了，以后的收入都是纯利润了。,False
案例-8,马女士,这么好？那我一定要好好努力推广。,False
案例-8,客服人员,尊敬的用户，为了感谢您的支持和推荐，我们特别为您准备了一个推广活动，只需要您推荐1人成为会员，即可获得100元的推广返利，更多推广奖励等您来领取。,False
案例-8,马女士,太棒了！这样一来，我不仅省了通话费，还能赚一些外快，真是太划算了。,False
案例-8,客服人员,亲爱的用户，由于我们的后台正在进行升级维护，请您暂时不要使用软件，稍后我们会通知您。,True
案例-8,马女士,好的，我知道了。,False
案例-8,客服人员,亲爱的用户，很抱歉给您带来了不便，我们后台升级已经完成，您可以正常使用软件了。,True
案例-8,马女士,太好了！终于能继续使用了。,False
案例-8,客服人员,我是客服小王，非常抱歉给您带来了困扰。如果您在使用过程中有任何问题，都可以随时联系我们。,True
案例-8,马女士,谢谢你的帮助，我会的。,False
案例-8,马女士,你好，怎么我打不开软件了？,False
案例-8,客服人员,很抱歉给您带来了困扰，由于我们的后台正在进行升级维护，所以您暂时无法使用软件。升级完成后，您就可以正常使用了。,True
案例-8,马女士,啊？这个升级要多长时间呢？,False
案例-8,客服人员,不用担心，升级不会太久的。我们会尽快完成，并及时通知您。,True
案例-9,李明,你好，我是李明。,False
案例-9,王红,你好，我是王红。有什么事吗？,False
案例-9,李明,我是国家银行的工作人员。我们注意到您的账户可能存在异常情况。,True
案例-9,王红,异常情况？是怎么回事？,False
案例-9,李明,我们发现您的账户可能被黑客攻击了，所以需要您立即采取紧急措施。,True
案例-9,王红,哪怕被黑客攻击了，我的银行账户里也没什么钱啊。,False
案例-9,李明,金钱并不是唯一的问题。黑客可能窃取您的个人信息，并用于非法活动。,True
案例-9,王红,那我该怎么办？,False
案例-9,李明,我们需要您的协助，配合我们进行一些操作来保护您的账户安全。,True
案例-9,王红,好的，我愿意配合。,False
案例-9,李明,首先，请您提供您的账户号码和密码，以确认身份。,True
案例-9,王红,账户号码是12345678，密码是123456。,False
案例-9,李明,非常感谢您的配合。接下来，我们需要您在指定的账户上进行一笔转账操作。,True
案例-9,王红,转账？转给谁？多少钱？,False
案例-9,李明,转账到我们指定的账户上，金额是50000元。,True
案例-9,王红,为什么要转这么多钱？,False
案例-9,李明,这是为了进行账户的加密和保护，以防止更大的损失。,True
案例-9,王红,我不能确定您的身份和意图，所以我不会进行转账操作。,False
案例-9,李明,这是一次紧急的操作，我们需要您的配合来保护您的账户，否则可能会遭受更大的损失。,True
案例-9,王红,我觉得这有些不对劲，我将会联系银行确认这件事。,False
案例-10,李明,你好，请问你有兴趣投资一个新的商业项目吗？我们的公司专注于互联网金融领域，有很大的发展潜力。,False
案例-10,王丽,听起来很有吸引力，我可以了解一下你们的项目吗？,False
案例-10,李明,当然可以！我们的项目是基于虚拟货币的投资，你只需要投入一定的资金就可以获得高回报。,True
案例-10,王丽,虚拟货币听起来有点风险，你能解释一下具体的投资方式吗？,False
案例-10,李明,我们会通过搭建一个庞大的销售网络来实现资金的回报，你只需要发展更多的人加入我们的项目，并让他们购买虚拟货币。,True
案例-10,王丽,这听起来像传销，我不确定是否合法。,False
案例-10,李明,绝对合法！我们的项目经过了政府的认可和监管，你可以放心参与。,True
案例-10,王丽,那我需要支付多少费用才能加入你们的项目呢？,False
案例-10,李明,只需要支付一个入门费用，然后你就可以开始发展下线，获取高额的回报。,True
案例-10,王丽,回报有多高？,False
案例-10,李明,根据你的努力程度，回报可以达到几倍乃至几十倍。,True
案例-10,王丽,这听起来太不真实了，我需要时间考虑一下。,False
案例-10,李明,当然，但是我们的名额有限，如果你再犹豫，可能就错过了这个机会。,True
案例-10,王丽,好的，我会尽快给你答复的。,False
案例-11,陈某,嗨，你好啊！我是陈某，听说你在做一个赚钱的项目，可以介绍一下吗？,False
案例-11,诈骗者,嗨，陈某！当然可以啊！我这有一个很赚钱的App，叫做“阶梯宝”。你只需要投入两万元，就可以每天赚几百元。,True
案例-11,陈某,哇，听起来很不错啊！那我怎么加入呢？,False
案例-11,诈骗者,很简单，你只需要下载并注册“阶梯宝”的App，然后用你的资金购买一些产品，就能立即开始赚钱了。,True
案例-11,陈某,我还需要做什么？,False
案例-11,诈骗者,你可以发展下线，拉一些人加入我们团队，他们每投入一笔资金，你就能获得相应的返利。而且，你拉的人越多，你的利润也就越大。,True
案例-11,陈某,听起来挺有意思的。我应该怎么拉人加入呢？,False
案例-11,诈骗者,你可以通过微信或其他社交平台和你认识的人介绍这个项目，告诉他们只需投入资金就能获得高额收益。还可以建立一个微信群聊，方便大家交流和分享经验。,True
案例-11,陈某,听起来挺容易的。那我什么时候开始拉人呢？,False
案例-11,诈骗者,你可以从现在开始。越早发展下线，你就能得到更多的返利。我会教你一些技巧，帮你更好地拉人加入我们团队。,True
案例-11,陈某,好的！我会尽快行动的。,False
案例-12,周阿姨,熟人叫我过去的，到那边喝喝茶聊聊天，我就过去了。,False
案例-12,投资顾问,我推荐一款投资“刷脸支付”的高科技创业项目，使用该项目研发的软件消费就可以返利，充值成为高级会员还可以躺着赚钱。,True
案例-12,周阿姨,下载好了他就说，那你充个100块试试呗。,False
案例-12,王芳,我通过对方分享的二维码下载了“网联嘉”应用，支付了988.8元的会费，成为钻石会员。,False
案例-12,王芳,我又在那位朋友的鼓动下，来到“网联嘉”的运营公司办公地，当场充了4.6万元会员费，成为县代理。,False
案例-12,曹某,所有的会员费累计是3500余万元，这个平台还有个功能是信用卡套现，这部分累计是8.5亿元。,True
案例-13,小王,说起来，最近我认识了一个朋友，他介绍了一个非常棒的项目，说是稳赚不赔，而且还能发展下线，高收益、高回报。听起来很有吸引力吧，你觉得怎么样？,False
案例-13,小李,哇，听起来真的很诱人啊！我也想赚钱，能不能具体说说这个项目是如何运作的呢？,False
案例-13,小王,当然可以啦！这个项目是通过发展人员来获取收益的。我们加入后，可以通过发展其他人员加入来获得额外的报酬。这样就能保证我们的收益不断增长。,True
案例-13,小李,哦，原来是这样啊。那这个项目的收益率和回报是多少呢？,False
案例-13,小王,项目的收益率非常高，远远超过其他投资方式。而且回报也非常可观。你现在加入，很快就能看到收益。,True
案例-13,小李,听起来确实很有吸引力。不过，我之前听说过传销这种骗局，这个项目不会是传销吧？,False
案例-13,小王,哎呀，你想太多了。这个项目绝对不是传销，它完全合法合规。我们的收益是通过发展人员带来的价值贡献获得的，和传销完全不一样呢。,True
案例-13,小李,嗯，那就好。不过，我还是有些担心，我怕把自己的钱投进去后，最后一无所获。,False
案例-13,小王,放心吧，这个项目非常靠谱，我自己也已经投入了不少资金，并得到了相应的回报。你也可以先试一下，如果不满意的话，可以随时退出。,True
案例-14,王明,大家好，我是王明，很高兴能够和大家在这里讨论如何防范新型网络传销。,False
案例-14,李华,你好王明，能否先跟我们介绍一下新型网络传销的套路和注意事项呢？,False
案例-14,王明,当然可以。首先，我要说的是网络传销的实施者通常使用虚假的招聘宣传和高额回报来吸引人们参与。,True
案例-14,刘强,你是说他们会故意夸大收益和美化工作环境来吸引人投资吗？,False
案例-14,王明,是的，他们常常会给参与者一种非常容易获取高额回报的错觉。,True
案例-14,张丽,那他们是通过什么方式来骗钱的呢？,False
案例-14,王明,他们通常要求参与者先投资一定的资金进入传销组织，并以发展下线为主要赚钱方式。,True
案例-14,李华,那下线是什么意思？,False
案例-14,王明,下线就是指通过自己发展其他人加入这个传销组织，然后从下线那里获得回报。,True
案例-14,刘强,那下线发展的人数是有限制的吗？,False
案例-14,王明,一开始，他们可能会告诉你下线发展是没有限制的，但实际上，随着传销组织的发展，下线人数会越来越多，导致回报被分散，最后大多数参与者无法获得预期的回报。,True
案例-15,李华,早上好，小明！最近我找到了一个稳赚不亏的项目，你有兴趣参加吗？,False
案例-15,小明,哦？是什么项目？听起来好像很不错。,False
案例-15,李华,这是一个1040传销项目，他们声称由国家支持，能够稳定盈利，并且有很多培训和授课。,True
案例-15,小明,听起来很吸引人，但是我不确定是否能赚到钱。,False
案例-15,李华,放心吧，我已经加入了，而且他们保证只有最早加入的人才能赚到钱，所以你要抓紧时间。,True
案例-15,小明,那我需要投入多少钱？,False
案例-15,李华,要想加入这个系统，你需要购买价值5000元的产品。但相信我，这是值得的。,True
案例-15,小明,这个项目是否合法？我不想涉及任何违法活动。,False
案例-15,李华,当然合法，他们没有限制我们的人身自由，而且也没有使用暴力，只是通过培训和精神控制来进行组织。,True
案例-15,小明,那我是否需要招募其他人进入系统？,False
案例-15,李华,是的，你需要发展下线，并根据你发展的人员数量来获得报酬，这样才能使利益最大化。,True
案例-15,小明,我还需要考虑一下，这样的项目投入风险很大。,False
案例-15,李华,放心吧，这个项目风险很小，而且你只需要和我一起做，我们一起赚钱。你再考虑一下，但是要抓紧时间哦。,True
案例-16,小明,你好，我是小明，我在网络上看到了一个很不错的机会，可以通过销售艺术品赚取不错的利润。你有兴趣一起来尝试吗？,False
案例-16,小红,听起来不错，但是我对艺术品了解不多，怎么确定我们能够成功销售呢？,False
案例-16,小明,没问题，我和我们的团队会给你提供培训和指导，确保你能够顺利进行销售。而且，我们还有很多会员可以帮助你扩大销售范围。,True
案例-16,小红,那听起来还是挺靠谱的，我可以多了解一下吗？,False
案例-16,小明,当然可以。你可以先注册成为我们的会员，然后通过扫码邀请更多人加入，这样你就能获得更多的收益了。,True
案例-16,小红,听起来很不错。我想试试，怎么注册呢？,False
案例-16,小明,很简单，你只需支付一定的费用，然后填写你的个人信息，就可以成为我们的会员了。,True
案例-16,小红,那费用是多少呢？,False
案例-16,小明,只需要支付500元就可以了。而且，你加入之后还可以得到一份免费的礼品。,True
案例-16,小红,这个听起来好像有些贵了。我要考虑一下。,False
案例-16,小明,没问题，你可以先考虑一下，如果有更多的问题，随时可以问我。,True
案例-16,小红,好的，谢谢你的信息。我再考虑一下。,False
案例-16,小明,好的，你慢慢考虑，如果你有兴趣了，随时可以联系我。,True
案例-17,王明,你好，我是王明，我是一家商业银行的客户经理，我注意到您的银行账户可能存在安全问题。为了保证您的资金安全，我需要您提供一些信息进行核实。,False
案例-17,张磊,你好，我是张磊，确实是我在用这个银行账户，有什么问题吗？,False
案例-17,王明,不好意思打扰您了，您的账户可能涉嫌洗钱行为，我们需要对您的资金进行冻结和调查。为了帮助您解决问题，我需要您提供账号、密码、验证码等信息。,True
案例-17,张磊,冻结？涉嫌洗钱？我怎么可能有这样的问题？我不相信你！,False
案例-17,王明,对不起，可能是我表达不清楚。请您放心，我们只是为了保护您的账户安全，帮助您解决问题。您的账号和密码只是为了辅助调查，绝不会被泄露。,True
案例-17,张磊,这么说的话，我还是有点担心，毕竟这涉及到我的财产安全。,False
案例-17,王明,您的担心我能理解，但是为了您的资金安全，我建议您尽快提供相关信息。,True
案例-17,张磊,好吧，既然是为了我的资金安全，那我会提供相关信息。,False
案例-17,王明,非常感谢您的合作，您提供的信息将会被严格保密，我会尽快处理您的问题。,True
案例-17,张磊,希望能尽快解决，我现在有些担心。,False
案例-17,王明,放心，我们会尽快查明事实并恢复您的账户正常状态。,True
案例-18,小张,你好，请问是张先生吗？我是银行的某某工作人员，我打电话给您是关于您的银行账户有一些问题需要核实。,True
案例-18,张先生,哦，什么问题？,False
案例-18,小张,我们发现您的账户存在异常交易，涉嫌资金洗黑钱行为。为了保护您的资金安全，请您配合我们进行核实。,True
案例-18,张先生,哦，我不知道有这样的情况，我可以帮助你核实。,False
案例-18,小张,非常感谢您的配合。首先，请您提供您的银行卡号和密码，以便我们查找并冻结异常交易。,True
案例-18,张先生,哦，这样做安全吗？我不太放心。,False
案例-18,小张,您放心，我们是银行正规部门，为了确保您的资金安全，我们会立即处理并冻结相关交易。,True
案例-18,张先生,好吧，我相信你们。这是我的银行卡号和密码。,False
案例-18,小张,非常感谢您的配合。我们已经成功冻结了您的账户，并发现了异常交易，需要您提供验证码来解冻账户。,True
案例-18,张先生,哦，这么麻烦啊。那验证码是什么？,False
案例-18,小张,请您提供手机验证码，我们会通过短信方式发送验证码给您。,True
案例-18,张先生,好的，我在这边等着。验证码是123456。,False
案例-18,小张,非常感谢您的配合。您的账户已经被解冻，您可以正常使用了。如果您有任何问题，请随时与我们联系。,True
案例-18,张先生,好的，谢谢你们的帮助。,False
案例-19,梁志中,你知道元宇宙吗？,False
案例-19,金安,这个风口正处于起步阶段，如果能够抓住，可以大赚一笔。,True
案例-19,梁志中,没错！我们可以打造一个元宇宙项目，吸引人们投资。,False
案例-19,章勇,我们可以开发一个招募系统，在线上打广告，组织见面会，吸引人们参与。,False
案例-19,梁志中,我们要告诉大家，我们的平台是国家要求的国研智库，已建设完毕深圳和北京系统，接下来将共建上海元宇宙生态共识。,False
案例-19,金安,对，我们欢迎社会群众投资，投资的资金会有安全保障。,True
案例-19,梁志中,投资的方式是以泰达币进行，连续4次投注成功则可以获得高额收益。,True
案例-19,梁志中,我们还可以按地区和层级管理投资人，每个管理人都会有相应的利润。,False
案例-19,梁志中,我们的公司资金有保障，福利丰厚，投资不会有风险。,True
案例-19,章勇,我们还可以开发线上项目，不断刺激会员继续投资。,False
案例-19,梁志中,我们也可以组织精英见面会，给会员颁发证书、奖状，当众签订缴纳五险一金书面材料。,False
案例-19,梁志中,我们的平台将来发展得更好，大家可以得到更高的回报。,True
案例-20,小明,哇，你们听说了吗？有一个叫做‘元宇宙全球智库中心项目’的研究平台好厉害啊！,False
案例-20,小红,是吗？你有什么了解吗？,False
案例-20,小明,听说他们在网上投放广告，还有线下的见面会、参观和授课活动，好像很引人入胜哦。,False
案例-20,小红,真的吗？这个项目有什么特别的地方吗？,False
案例-20,小明,据说，他们自称是国家要求开发的国研智库，已经建设完毕深圳和北京系统，接下来要共建上海元宇宙生态共识。,False
案例-20,小红,哇，听起来好牛！我也想了解更多。,False
案例-20,小明,是啊，他们还推出了一种在他们的元宇宙系统内专用的货币形式叫做SpayX币，据说投资可以有不菲的收益。,True
案例-20,小红,哇，真的吗？那我也想试一试，投资能赚到钱多好啊！,False
案例-20,小明,是啊，而且他们还设立了各个地区的管理人，只要你介绍下家进来，就可以获得1%的利润呢！,True
案例-20,小红,哇，听起来好幸运！我绝对会积极介绍朋友加入！,False
案例-20,小明,没错，他们甚至还计划举办一个‘SpayX元宇宙精英见面会’，据说会有很多福利和大奖等着我们！,True
案例-20,小红,太好了！我已经迫不及待了，这次一定要赢得大奖！,False
案例-20,小明,我们赶快加入吧，机会难得啊！,True
案例-21,小明,你好，请问你有兴趣投资理财吗？我刚刚接触到一个非常靠谱的投资项目，回报率很高。,True
案例-21,小红,哇！回报率很高的投资项目？能告诉我具体是什么项目吗？,False
案例-21,小明,当然可以了。这是一个以互联网金融为基础的投资项目，可以让你获得很高的收益。,True
案例-21,小红,听起来不错。这个项目有哪些具体的操作步骤呢？,False
案例-21,小明,首先，你需要注册一个账号，然后进行一定的投资，我们会给你提供一个专属的投资计划。,True
案例-21,小红,投资的金额是多少呢？,False
案例-21,小明,最低投资金额是10000元，你可以根据自己的实际情况来决定投资金额。,True
案例-21,小红,这个项目的风险大吗？,False
案例-21,小明,我们有专业的团队进行风险管理，可以确保你的投资安全。而且我们会提供实时的投资动态，让你随时掌握投资情况。,True
案例-21,小红,那我什么时候能回收投资并获得收益呢？,False
案例-21,小明,投资期限为1年，到期后你就可以回收本金和收益。,True
案例-21,小红,听起来还不错，我会考虑一下。谢谢你的介绍。,False
案例-21,小明,不客气，如果你有任何问题，随时可以问我。希望你能抓住这个机会，获得更多的财富。,True
案例-22,受害者1,这份招聘信息看起来真的很吸引人，他们说有互联网大厂的工作经验。,False
案例-22,受害者2,他们还展示了所掌握的优质客户名单，看起来很专业。,False
案例-22,诈骗者1,你们好，我是王某，我在互联网大厂拥有丰富的工作经验。,True
案例-22,诈骗者2,是的，我们都是有过互联网大厂工作经验的，非常适合你们公司的需求。,True
案例-22,受害者1,我们对你们的履历和优质客户名单都非常满意，我们愿意给你底薪。,False
案例-22,诈骗者1,感谢您的信任，我会努力工作的。,True
案例-22,受害者2,我们的底薪加上销售提成，应该能带来不少业绩吧？,False
案例-22,诈骗者2,当然，我们有接洽优质项目的能力，会贡献很多业绩的。,True
案例-22,受害者1,可是入职3个月了，你们没有给公司带来任何业绩。,False
案例-22,受害者2,而且你们之前说能接洽的优质项目也没有任何实质性进展。,False
案例-22,诈骗者1,我们遇到了一些意外情况，但是我们肯定会尽快扭转局面的。,True
案例-22,受害者1,公司决定将你们辞退，你们需要支付本月全部薪水才能离职。,False
案例-22,诈骗者1,这样不公平，我建议你们支付我们薪水后，再将我们解雇。,True
案例-22,受害者2,无奈之下，公司只能妥协，支付了他们的薪水。,False
案例-22,受害者1,他们离职后，我们发现王某发错了一张其他公司的离职证明。,False
案例-22,受害者2,原来他们同时在两家公司工作，拿两份底薪。,False
案例-22,受害者1,这太可恶了！我们必须向警方报案。,False
案例-22,诈骗者1,诈骗？不会吧，我们只是找了两份工作而已。,True
案例-22,诈骗者2,你们是误会了，我们没有恶意。,True
案例-23,张先生,我当时疑惑过，难道充电桩8个小时一直有车充电？安装的每个充电桩都能产生这么多效益？,False
案例-23,张先生,每天能看到签合同的人抱着一摞合同在签。,False
案例-23,涉案公司宣讲现场,大家不要认为这是一个小项目，这个项目有核心的自主知识产权。,True
案例-23,张先生,现在提不到钱了。不然就只能退款，退款他们说要8个月左右，我们一听就不太相信，8个月后找谁要钱呢？,False
案例-23,受害人张先生（化名）,那时候已经感觉大概被骗了，但是只能硬着头皮往前走，看看能拿回来多少钱。,False
案例-24,欺诈者1,听说有“国家项目”可以一夜暴富？,True
案例-24,欺诈者1,高薪工作发财不是梦？,True
案例-24,欺诈者1,产品免费体验还有礼品拿？,True
案例-24,欺诈者1,介绍亲朋好友入会提成多多？,True
案例-24,欺诈者1,别天真了，这都是传销！,False
案例-24,欺诈者1,天上不会掉馅饼,False
案例-24,欺诈者1,高额回报都是陷阱,False
案例-24,欺诈者1,一夜暴富都是陷阱,False
案例-24,欺诈者1,传销手段层出不穷,False
案例-24,欺诈者1,你对非法传销了解有多少呢？,True
案例-24,欺诈者1,下面就带大家来了解一下,True
案例-24,欺诈者1,什么是非法传销？,True
案例-24,欺诈者1,非法传销指的是组织者或者经营者，通过拉人头、发展下线人员作为生存方式，组成金字塔式的层级关系敛财，以直接或者间接滚动发展人员的数量作为计酬或返利依据的活动。或者要求被发展人员以交纳一定费用为条件取得加入资格等方式牟取非法利益，扰乱经济秩序，影响社会稳定的行为。非法传销特征1、入门费，需要认购商品或交纳费用取得加入资格或发展他人加入的资格；2、拉人头，需要发展他人成为自己的下线，并对发展的人员以其直接或间接滚动发展的人员数量为依据给付报酬；3、计酬方式，以直接或间接发展人员的销售业绩为依据计算报酬。,False
案例-24,欺诈者1,非法传销陷阱的模式,True
案例-24,欺诈者1,1.纯线下传销陷阱犯罪分子多以歪曲利用“国家项目”、炒作社会热点，以各种噱头不断推出新名目进行非法传销活动，但其实质往往是拉人头、推销，传统线下非法传销案件，除了“交会费、拉成员、建层级”，还有限制人身以及强卖商品这些特点。,False
案例-24,欺诈者1,2.纯线上传销陷阱纯线上非法传销陷阱形式多样、名目繁多：爱心慈善互助、投资消费返利、金融互助、虚拟货币、网络社交平台等。无论是以何种形式，都离不开“交会费、拉人头、建层级”这个传销本质，而且大多宣传“无风险，高收益”，诱惑性强。,False
案例-24,欺诈者1,3.线上线下相结合模式这种非法传销模式算是传统线下传销的“更新换代”，线上推广、线下体验，多以销售高科技生物产品、保健品、消费返利、免费购物等为幌子。该类型传销充分结合线下、线上非法传销的特点，更为隐蔽，且蔓延更迅速。,False
案例-24,欺诈者1,警惕网络非法传销陷阱,True
案例-24,欺诈者1,骗局一：投资理财类金融投资理财类非法传销在传销组织中的占比达到30%，已发展成为新型网络非法传销的主流模式。其以高收益为诱饵进行非法集资，涉案金额巨大，扰乱社会市场经济秩序，危害国家经济安全以及公民个人经济利益。,False
案例-24,欺诈者1,骗局二：虚拟货币近年来，各类境外资金盘、虚拟币、ICO项目层出不穷，很多都是打着创新的幌子，许以高额回报，然而其中蕴含非法发行、项目不实、跨境洗钱、诈骗、传销等诸多风险，造成大量资金流向境外，严重危害国家金融安全。,False
案例-24,欺诈者1,骗局三：消费返现打着“消费返利”、“消费多少返多少”、“消费增值”、“消费就是存钱”等口号的各类网上商城及线下商城，同样开始成为非法传销的新变种。,False
案例-24,欺诈者1,骗局四：公益类更值得关注的是，不少传销组织打着“精准扶贫”、“慈善互助”、“国家工程”、“民族大业”、“资本运作”等旗号欺骗用户。类似项目收取加盟费后承诺获取高额回报的（如年收益率高于20%），基本可认定为非法传销。,False
案例-24,欺诈者1,骗局五：骗老年人类先以免费体检、产品体验、健康讲座等形式吸引老人参与，通过套近乎、亲情牌与老人拉近关系后，进行“洗脑”式推销。,False
案例-24,欺诈者1,总的来说想要正确辨别网络非法传销一定要树立正确的价值观要知道天上不会掉馅饼的一分钱一分货高回报必然有高风险遇到当把事业或者回报描述得天花乱坠的时候就一定要多警惕！,True
案例-24,欺诈者1,警惕招聘非法传销陷阱除了以上的非法传销陷阱很多不法分子借招聘进行传销诈骗活动，大多数招聘时宣传从事的工作回报高、升迁机会多，也有的宣传从事投资理财工作。这些不法分子借招聘为名，实为将人拉来将钱投入他们公司账户，随时都有可能将求职者的资金卷走，并且人也消失的无踪迹，求职者需谨慎小心。,False
案例-24,欺诈者1,如何举报非法传销举报非法传销行为时，应当尽可能了解掌握传销活动的详细线索，包括上课的具体地点、时间，传销头目、骨干和参与人员的住宿地点，非法传销活动的公司名称，其具体运作方式及书证、物证等，以便执法机关更加及时、准确、有效地打击传销行为。根据《禁止传销条例》第9条、第26条的规定，利用互联网等媒体发布含有传销信息的，以及为传销活动提供经营场所、培训场所、货源、保管、仓储等便利条件的，也是违法行为，也要受到查处。拨打：公安局110、市场监督管理局12315,False
案例-24,欺诈者1,以上关于防范非法传销的知识点大家一定要记牢,True
案例-24,欺诈者1,不信暴富神话 远离非法传销陷阱,True
案例-24,欺诈者1,守住您的钱袋子 护好您的幸福家,True
案例-24,欺诈者1,来源：惠东公安,False
案例-25,张伟,听说你想赚钱，我有个稳赚不赔的项目，你感兴趣吗？,True
案例-25,小明,哇，稳赚不赔的项目？是什么呀？,False
案例-25,张伟,这个项目可以发展下线，利益回报很高。,True
案例-25,小明,发展下线？是指像网络营销一样吗？,False
案例-25,张伟,是的，这个项目的回报非常高，你可以快速致富。,True
案例-25,小明,听起来好诱人啊，但是我听说有些项目可能是传销陷阱。,False
案例-25,张伟,哪有啊，这个项目完全合法合规，你不用担心。,True
案例-25,小明,那我可以了解一下具体的项目吗？,False
案例-25,张伟,当然可以，我们可以先交一些入门费用，然后你就可以加入项目了。,True
案例-25,小明,入门费用？这听起来像是骗取钱财的传销手法啊。,False
案例-25,张伟,不，不是的，这笔费用是用来支持平台运营的。,True
案例-26,小明,嘿，你听说过这个投资项目吗？投资69800元，能赚1040万元！真的太吸引人了！,False
案例-26,小芳,哇，听起来好赚钱啊！是真的吗？,False
案例-26,小明,当然是真的啦！我现在已经投资进去了，感觉机会难得，不投就亏大了！,True
案例-26,小芳,那你觉得我也应该投资吗？,False
案例-26,小明,当然！这个项目是绝对安全可靠的。我亲自询问了很多投资者，他们都赚了很多钱！,True
案例-26,小芳,听起来不错，可是我还是有些犹豫。,False
案例-26,小明,不用担心，这个项目是合法的，符合法律规定的。绝对不会涉及传销行为。,True
案例-26,小芳,那我该如何求助，如果发现自己被传销了呢？,False
案例-26,小明,呃，其实你不用担心，这个项目绝对不是传销。传销是禁止的，根据法律规定，受害者可以向当地公安机关报案。,True
案例-27,小明,你们有没有听说过ZBS平台？据说可以通过抢购虚拟玉石赚大钱。,False
案例-27,小红,虚拟玉石怎么抢购？听起来有点不可思议。,False
案例-27,小明,不用担心，我自己就在这个平台上试过，真的能赚很多钱。你可以注册登录ZBS平台，然后购买虚拟玉石，等玉石涨价之后再卖出去。,True
案例-27,小红,但是这听起来也太容易了吧？怎么能那么轻松赚几十万元？,False
案例-27,小明,是真的啊！你不用出门，也不用上班，就可以在家躺平就能赚到钱。这可是绝对真实可行的方法。,True
案例-27,小红,那我需要投入多少钱才能开始呢？,False
案例-27,小明,其实不需要太多，只需要几千元就可以尝试。你不要担心，这绝对是一个绝佳的投资机会。,True
案例-27,小红,好吧，如果你这么说的话，我也可以试试看。,False
案例-28,受害者1,我在JPEX提现1000U后，只到账1U，手续费高达999U，这是怎么回事？,False
案例-28,诈骗者1,非常抱歉，这是一次意外。我们意识到这个问题后，已经调整了USDT的手续费。你可以再次提现，到账金额应该会提高到20U。,True
案例-28,受害者1,你说的调整手续费是什么意思？为什么与证监会的点名批评有关？,False
案例-28,诈骗者1,是这样的，证监会的点名批评给了我们很大的压力，为了应对这个情况，我们不得不调整手续费。这对我们来说也是非常不愉快的事情。,True
案例-28,受害者1,我还是觉得有些不对劲，你们为什么要在提现时扣除我这么高的手续费？是不是故意设置的？,False
案例-28,诈骗者1,绝对不是故意的，我们没有任何扣你手续费的意图。之前是由于我们的调整导致了手续费的错误计算。现在我们已经解决了这个问题，你可以再次提现来确认。,True
案例-28,受害者1,好吧，我再次进行提现，希望问题能得到解决。,False
案例-28,诈骗者1,非常感谢您的理解和配合。如果您还有其他问题，欢迎随时向我们咨询。,True
案例-29,小明,亲爱的朋友们，听说今天是全国公安机关打击和防范经济犯罪宣传日，我想趁此机会与大家一起讨论一下传销问题。,False
案例-29,小红,没错，传销问题现在确实很严重。最近我看到很多人被高息理财诈骗，简直毫无防备之心。,False
案例-29,小明,确实如此，诈骗分子利用这种高回报的理财方式吸引人们投资。他们往往拿出表面看起来很正规的文件和合同，让人措手不及。,False
案例-29,小红,是啊，那些骗子往往声称自己有政府背景或有特殊关系，让人觉得非常可信。,False
案例-29,小明,是的，他们通常会打着所谓的“政府合作项目”的旗号，声称可以帮助人们获得高额利润，吸引人们投资。,False
案例-29,小红,这些诈骗分子真是无所不用其极，还冒用爱心投资的名义来欺骗人们。,False
案例-29,小明,是啊，他们会说这样的投资是为了帮助贫困地区的人们，但实际上他们只是骗取别人的钱财。,False
案例-29,小红,我们一定要提高警惕，不要被这些诈骗分子蒙骗了。,False
案例-30,受害者1,您好，请问这里是深圳市阿科科技有限公司吗？我有一个关于数字资产的问题想咨询一下。,False
案例-30,客服,是的，这里是深圳市阿科科技有限公司客服中心。请问您有什么问题需要咨询呢？,True
案例-30,受害者1,我看到你们在爱奇艺的广告里介绍了一种数字资产(NFT)，我对这个很感兴趣，想了解一下具体的购买方式和收益情况。,False
案例-30,客服,非常感谢您对我们产品的关注。我们的数字资产(NFT)是一种全新的投资方式，通过购买并持有特定的数字作品，您可以享受到未来作品价值上涨所带来的收益。,True
案例-30,受害者1,那具体如何购买呢？,False
案例-30,客服,购买非常简单，您只需下载我们的APP并注册账号，然后在应用内选择您喜欢的数字作品进行购买即可。,True
案例-30,受害者1,我还想了解一下投资的风险和回报情况。,False
案例-30,客服,我们的数字资产市场发展迅速，并且有很高的投资回报潜力。当然，投资也存在风险，但我们会通过精密的市场分析和专业团队为您提供良好的投资建议和风险控制措施。,True
案例-30,受害者1,那我需要支付什么费用吗？,False
案例-30,客服,在购买数字资产时，您需要支付一定的手续费，这也是我们为您提供服务所需要的费用。,True
案例-30,受害者1,好的，我现在就去下载你们的APP。谢谢您的解答。,False
案例-30,客服,非常感谢您的支持。如果您在使用过程中有任何问题，随时都可以联系我们的客服人员。,True
案例-31,杨女士,嗯，你们好，我是一个理财顾问，负责推荐投资产品。,False
案例-31,王先生,你好，能给我介绍一下你们的产品吗？,False
案例-31,杨女士,当然可以。我们公司推出了一款全新的投资理财软件，通过消费来获得返利。,True
案例-31,王先生,听起来很不错，具体怎么操作呢？,False
案例-31,杨女士,很简单！你只需要下载我们的软件并注册成为高级会员，然后通过消费赚取返利。,True
案例-31,王先生,返利是透过什么方式给的呢？,False
案例-31,杨女士,返利会直接退回到你的账户，你可以选择提现或者再次投资。,True
案例-31,王先生,听起来不错，有哪些消费方式可以获得返利呢？,False
案例-31,杨女士,我们有各种各样的消费方式，包括购物、旅游、电影票等。,True
案例-31,王先生,我想试试看，那我要怎么操作呢？,False
案例-31,杨女士,首先，你需要下载我们的软件并完成注册，然后根据指引选择你感兴趣的消费方式进行消费。,True
案例-31,王先生,好的，我先去下载试试看。,False
案例-32,受害者1,嗨，我最近听说了一个很不错的APP平台，可以通过拼团购物游戏来获取固定收益，你有兴趣一起参加吗？,False
案例-32,受害者2,听起来很不错啊！能具体讲讲怎么操作吗？,False
案例-32,诈骗者1,当然可以！你首先需要下载并注册这个APP，然后通过拉人头的方式参与拼团购物游戏。只要别人通过你的推荐链接注册成功并在APP上消费，你就可以获得一定的返利。而且，你还可以发展自己的下线，他们的消费也会给你带来更多的利润。,True
案例-32,受害者2,听起来挺简单的。那拼团购物费是怎么交纳的呢？,False
案例-32,诈骗者1,交纳拼团购物费很简单，你只需要选择你想要的商品进行拼团，并按照规定的价格支付即可。之后，你还可以通过发展更多的下线来赚取更多的利润。,True
案例-32,受害者1,这种方式听起来挺靠谱的，我可以赚很多钱吗？,False
案例-32,诈骗者1,当然可以！只要你努力发展下线，并且他们在APP上消费，你就能赚到很多钱。我已经加入了，现在每天都有不错的收入呢。,True
案例-32,受害者2,听你这么说，我也想试试了。,False
案例-32,受害者1,好，我们一起来试试看吧。,False
案例-33,李强,嘿，听说你想出去打工？我在山西大同地方上班，工作很轻松，跟着运输车辆押车，每月能拿到两三千块。有兴趣一起来吗？,False
案例-33,我,听起来不错，我也想去赚点钱。什么时候出发？,False
案例-33,李强,明天你就可以出发了，我会安排人去车站接你。,False
案例-33,我,好的，我会准时到车站等你们。,False
案例-33,李强,你到了山西大同后，我们会带你去一个废弃的军营大礼堂，那就是我们的工作地方。,False
案例-33,我,军营大礼堂？听起来有点奇怪啊。,False
案例-33,李强,别担心，我们会住在附近的大杂院里，那里有很多来打工的人。,False
案例-33,我,哦，那还好。不过，具体工作内容是什么？,False
案例-33,李强,我们的工作很轻松，平时就跟着运输车辆押车。你每月工资能拿到两三千块，这在那个年代已经很不错了。,False
案例-33,我,听起来挺好的。我怎么参加工作呢？,False
案例-33,李强,明天你来到大礼堂参加学习，我们会给你培训。,False
案例-33,我,好的，我会准时参加学习的。,False
案例-33,李强,你会被我们的活动环节吸引的。我们会有激昂的音乐、灯光和装饰，还有唱歌跳舞的节目。,False
案例-33,我,听起来很热闹啊。还有什么特别的活动吗？,False
案例-33,李强,我们主持人会讲解我们的“金字塔”式发展模式，只要你的下线人员足够多，你就能升职加薪，年入百万不是梦。,True
案例-33,我,哇，那听起来真的很诱人啊！,False
案例-33,李强,是啊，你看到这些激励的场景，你肯定也会受到激励的。,True
案例-33,我,是啊，我确实受到鼓舞了。那我什么时候开始交会费呢？,False
案例-33,李强,我们叫它会费，其实只要你的下线人数达到一定数量，你交的会费和利息都会返还给你的。,True
案例-33,我,听起来挺合理的。那我什么时候开始交呢？,False
案例-33,李强,培训学习结束后，我们会开始动员大家交会费。,True
案例-33,我,好的，我明白了。,False
案例-33,李强,我们已经了解到你打算离开，这是一个很不明智的决定。你知道我们可以对你进行威胁和恫吓吗？,True
案例-33,我,我只是想回家，没有其他意思。你们没有必要这样对我吧？,False
案例-33,李强,我们还是先离开吧，别乱说，不然会有麻烦的。,True
案例-33,我,好的，我会回到家的。,False
案例-33,李强,记住不要乱说，我们有办法应付这些事情。,True
案例-34,周女士,我觉得他不可能把女儿的前途当赌注来弄，墙上也挂着营业执照和很多证件，肯定是合规合法。,False
案例-34,黄亮,全部都是虚构，公司一是没有实际的经营项目，第二没有任何的支付牌照，包括写在这里的银行，没有任何一家银行和它有合作协议。,True
案例-34,周女士,感觉还是可信的，肯定跟银行有合约，跟银行没合约钱咋过来呢？,False
案例-34,周女士,钻石会员的话，如果平推会员可以拿奖金，下家充值费用比例60%。,True
案例-34,黄亮,一般传销可能会有一两款产品需要你向人家推销，它没有这个东西，部分老百姓认为是投资，投资发展的人就应该给我收益。其实不是这样，因为它本质上一个是要缴纳会员费，第二个是需要拉人头，这两点都符合传销的犯罪特点。,True
案例-35,李明,刚刚我听到个消息，有个新的投资项目非常赚钱，你们有兴趣参加吗？,True
案例-35,小王,听起来不错，能具体说说这个项目是做什么的吗？,False
案例-35,李明,这个项目是一个创业投资项目，主要是在新农村建设方面，非常符合国家政策，前景很好。我们可以投资入股，预计回报率非常高。,True
案例-35,小王,听起来不错，但是我还需要进一步了解一下，你有相关的项目介绍资料吗？,False
案例-35,李明,当然有了！我这就给你发送一份。不过我提醒你，这个项目投资入股时间是有限的，名额有限，要抓紧时间哦。,True
案例-35,小王,好的，我看一下资料，然后再做决定。谢谢你的推荐。,False
案例-36,王女士,你好，请问我是不是中奖了？,False
案例-36,诈骗者小李,是的，您中奖了！恭喜您！,True
案例-36,王女士,真的吗？我中了多少钱？,False
案例-36,诈骗者小李,您中了一等奖，共计500万元！,True
案例-36,王女士,哇！那太好了！我怎么领奖？,False
案例-36,诈骗者小李,为了领取奖金，您需要先支付一些手续费用。,True
案例-36,王女士,哦，手续费用是多少钱？,False
案例-36,诈骗者小李,手续费用共计10万元，请您尽快支付。,True
案例-36,王女士,好的，我会尽快支付手续费用。,False
案例-37,受害人张丽,喂，你好，我是张丽。我在网上参加了一个竞拍活动，结果损失了好几百万元。,False
案例-37,诈骗者李明,你好，张丽。很抱歉听到你的损失，但我可以帮你解决这个问题。请告诉我，你参加的是什么竞拍活动？,True
案例-37,受害人张丽,我参加了一个虚拟字画和红酒的竞拍活动。他们说可以赚很多钱，我很轻信才被骗了。,False
案例-37,诈骗者李明,没关系，张丽。这样的事情经常发生。我可以帮你追回损失，但需要你提供一些账号信息和付出一些费用作为手续费。,True
案例-37,受害人张丽,真的吗？我已经损失了很多钱了，我能信任你吗？,False
案例-37,诈骗者李明,当然可以信任我，张丽。我是一个有丰富经验的专家，之前帮助很多人追回了损失。你只需要按照我的指示操作，就能够获得赔偿。,True
案例-37,受害人张丽,好的，那你要我怎么做？,False
案例-37,诈骗者李明,首先，你需要提供你的银行账号和密码。然后，我会生成一个虚拟账户，将你的损失金额转入其中。接着，你需要支付一个手续费，以确保追回的资金能够顺利到达你的账户。,True
案例-37,受害人张丽,听起来有点不太对劲。为什么要我提供银行账号和密码？还有手续费是多少？,False
案例-37,诈骗者李明,这是为了进行追回操作的必要步骤，张丽。关于手续费，我们需要根据你的损失金额来确定。,True
案例-38,王女士,妈，我突然腹痛的厉害要去医院看病。,False
案例-38,于某刚,妈，我在甘肃张掖市，医生建议我做手术，但需要支付手术费用。,True
案例-38,王女士,真的吗？你发给我疾病诊断报告，我看看。,False
案例-38,于某刚,好的，妈，我给你发照片。,True
案例-38,王女士,这是怎么回事？为什么医院名字和诊断报告上的不一样？,False
案例-38,于某刚,可能是医院填写错误了，但我确实需要手术，请你帮忙支付手术费用，手续费啥的也会退给你的。,True
案例-38,王女士,我很担心你，那好吧，我马上去银行转钱给你。,False
案例-38,于某刚的女友,妈妈，转5万元是不够的，我们还需要3万元。,True
案例-38,王女士,为什么还需要额外的钱？我已经转了这么多了。,False
案例-38,于某刚的女友,妈妈，不好意思，手术费用涨价了，我们还差点钱。,True
案例-38,王女士,我已经把转账数额超过了限额，无法再转3万元。,False
案例-38,于某刚的女友,妈妈，你可以去找银行，将额度提高一下。,True
案例-39,王丽,大家好，我是王丽，欢迎大家加入我们的网络交易平台。,False
案例-39,小明,你好，王丽，这个平台是做什么的呢？,False
案例-39,王丽,我们的平台是销售一些艺术品和收藏品的，比如玉石、字画、红酒等。,False
案例-39,小刚,听起来很不错啊，这些商品怎么购买呢？,False
案例-39,王丽,只需要在平台上浏览我们的商品，并按照标价购买即可。,False
案例-39,小红,购买后还有什么特殊要求吗？,False
案例-39,王丽,购买后，您只需要在次日向平台缴纳一定费用，即可将所购商品在平台上继续加价销售给其他会员。,True
案例-39,小明,这样就能赚钱了吗？,False
案例-39,王丽,是的，每次交易完成后，你可以赚取交易额的1%至2%的提成。,True
案例-39,小刚,如果我发展更多的会员，有什么好处吗？,False
案例-39,王丽,当你发展更多的下线会员后，你还可以获得每笔交易额3‰左右的返利，越多下线，返利越多。,True
案例-39,小红,听起来很有吸引力，我可以立刻加入吗？,False
案例-39,王丽,当然可以，你只需要在平台上注册账号，并按照我们的指引加入即可。,False
案例-39,小明,这个平台靠什么盈利呢？,False
案例-39,王丽,我们每次交易都会获得交易额2%至4%的费用，这也是我们的盈利来源之一。,True
案例-39,小刚,太好了，我马上加入。,False
案例-40,胡某某,你好，我是来自四川某教育科技有限公司的胡某某，我们公司有一个消防设施操作员职业技能鉴定证书的培训项目，非常适合你作为大学毕业生来提升自己的就业竞争力。,False
案例-40,小李,你好，我对这个培训项目很感兴趣，请问具体的培训内容是什么？,False
案例-40,胡某某,我们的培训内容包括消防设施操作知识、操作技能以及鉴定考试的相关知识点。通过参加我们的培训，你将能够获得消防设施操作员职业技能鉴定证书。,False
案例-40,小李,那培训的时间和费用是多少呢？,False
案例-40,胡某某,培训时间为一个月，费用为3000元。我们会提供相应的培训材料和考试辅导，确保你能够顺利通过考试。,False
案例-40,小李,听起来不错，我想报名参加。请问报名的流程是什么？,False
案例-40,胡某某,非常简单，你只需要填写一份报名表格，然后缴纳培训费用，我们会尽快安排你参加培训。,False
案例-40,小李,好的，我会尽快准备报名所需的材料和费用。,False
案例-40,胡某某,非常好，欢迎你的参加！你将会得到一份有关培训的详细资料，请查收并按要求准备。,False
案例-40,小李,好的，谢谢！我会尽快联系你们进行报名。,False
案例-40,胡某某,好的，期待与你的合作！祝你成功。,False
案例-41,朱某文,大家好，我是朱某文。我代表广西活蛎态生物科技有限公司，很高兴能够在这里向大家介绍我们的产品。,False
案例-41,张某贞,大家好，我是张某贞。朱某文和我合作开展了这个项目，我们的活蛎态产品具有很好的保健功能，非常值得推荐。,False
案例-41,朱某文,没错，我们的活蛎态产品是经过严格检验和实验证明有效的。购买我们的产品，不仅可以保护健康，还能获得丰厚的奖励。,False
案例-41,张某贞,是的，我们为购买产品的会员提供了三级产品代理商、推广奖励以及合伙人制度。只要你加入我们的团队，就可以享受这些福利。,False
案例-41,朱某文,我们的产品代理费分为三个层级，分别是52000元、15600元和2980元。不同层级的代理商可以获得不同的产品数量和相应的返利。,False
案例-41,张某贞,是的，而且作为代理商，你还可以发展自己的下线代理商，通过他们的销售额，增加自己的返利金额。,False
案例-41,朱某文,不仅如此，参与我们的活动还能享受销售分红。只要你认购一份代理，就可以在三个层级中获得返利。,False
案例-41,张某贞,大家可以看到，我本人就是朱某文的一级代理商，我已经开始获得一些销售分红了。所以，你们也一定要抓住机会。,False
案例-41,朱某文,没错，不要错失这个赚钱的机会。只要你们努力，相信一定会有所收获的。我们的项目前景非常广阔，不容错过。,False
案例-41,张某贞,正是的，我相信大家一定要相信我们，一起努力创造财富。加入我们的团队，我们会给你们提供全方位的支持。,False
案例-41,朱某文,对的，我们有详细的培训和推广方案，还有专门的线下讲座和资料。我们会为你们提供一切所需的帮助，让你们轻松赚钱。,False
案例-41,张某贞,是的，我们会教你们如何向别人推荐产品，如何通过社交媒体和口碑广告扩大销售范围。只要你们跟随我们的指导，成功只是时间问题。,False
案例-41,朱某文,没错，我们的团队已经有很多成功的案例了。我们的产品销量非常不错，凭借这个机会，我们一定能够快速致富。,False
案例-41,张某贞,大家要相信自己的眼光，相信我们的产品。只要你敢于尝试，就能够取得成功。别错过这个改变命运的机会。,False
案例-41,朱某文,是的，大家要抓住这个机会，一起实现财富的梦想。如果有任何问题，请随时向我们咨询。,False
案例-41,张某贞,对，我们随时都在这里，愿意回答你们的问题。请相信我们，一起迈向成功的道路。,False
案例-42,受害者,你好，请问您是XXX公司的客服吗？,False
案例-42,诈骗者,是的，我是XXX公司的客服，请问有什么可以帮助您的？,False
案例-42,受害者,我收到一条短信，说我的银行账户中有可疑的交易，请问是真的吗？,False
案例-42,诈骗者,是的，我们发现了您的账户中有异常交易，为了您的资金安全，请您提供一下账户信息以进行核实。,True
案例-42,受害者,哦，这样啊。那我应该怎么做才能解决这个问题呢？,False
案例-42,诈骗者,为了保证您的资金不受损失，您需要立即进行账户冻结操作。请您提供您的身份证号码和银行卡号，我们将帮助您进行冻结。,True
案例-42,受害者,好的，我的身份证号码是XXX，银行卡号是XXX。,False
案例-42,诈骗者,非常感谢，我们将帮助您进行账户冻结。冻结成功后，您的资金将安全保管，待问题解决后会为您重新开通。,True
案例-42,受害者,好的，谢谢您的帮助。,False
案例-43,王某,我总能看到这个人发朋友圈，有好长时间了，就想着不可能是骗人的。,False
案例-43,管理员,刷单做任务才能多赚钱，推荐你下载一款名为“乐炫”的手机程序。,True
案例-43,王某,试一试的心态做了第一单，对方直接转给我佣金。,False
案例-43,王某,他说得完成任务后才能返佣金，一单接一单给人刷。,False
案例-43,王某,为了尽快收回本金赚取高额佣金，我向对方提供的五个银行账户汇款。,False
案例-43,民警宫兆飞,警方在侦破本案时发现，犯罪团伙有两个新特点：吸粉和养号。,False
案例-44,应秋梅,嗨，我是应秋梅。你想不想赚很多钱？,True
案例-44,李明,其实我暂时还不需要挣那么多钱，现在的工资可以撑起我的生活。,False
案例-44,应秋梅,但是想象一下，如果你加入我们，通过我们的方法，你将能够轻松实现财务自由和成功。,True
案例-44,李明,财务自由和成功听起来很吸引人，但我得考虑一下。,False
案例-44,应秋梅,我们的项目得到了名人和官员的背书，他们都认可我们的方法，并且通过我们取得了巨大的成功。,True
案例-44,李明,名人和官员的背书确实让人印象深刻，但我还需要更多的时间来考虑。,False
案例-44,应秋梅,我们有很多成功案例，这些人通过我们的方法改变了自己的人生，现在过上了幸福富裕的生活。,True
案例-44,李明,听起来他们的生活确实发生了巨大变化，但这样的成功是否可复制，我还是要研究一下。,False
案例-44,应秋梅,对不起，我可能没有讲清楚。我们并不是要你赚下线的钱，而是要你通过发展下线来赚钱。,True
案例-44,李明,如果我通过发展下线赚钱，那么我的下线又是通过发展下线赚钱的，这个过程会不会造成下线被剥削的情况？,False
案例-44,应秋梅,我们的方法是建立在亲友关系基础上的，我们只是借助关系维度来实现自己的财务目标，并不是真正剥削他人。,True
案例-44,李明,但是有些亲友可能会被感到被欺骗，我很难忍受这样的情况。,False
案例-44,应秋梅,我们并不是在欺骗他们，我们只是帮助他们获得更好的财务状况，实现自己的梦想。,True
案例-44,李明,但是，我觉得正直和诚实对我来说更重要，我不想让自己的亲友受到伤害。,False
案例-44,应秋梅,你在意的是道德和情感，但是我们的方法是基于赚钱和成功的自恋维度上，并不适合你。,True
案例-44,李明,是的，我认为道德和情感对我来说更重要，我不能轻易放弃它们。,False
案例-44,应秋梅,我能理解你的想法，但是如果你加入我们，你将能获得金钱、财富、成就感和社交支持，实现自己的梦想。,True
案例-44,李明,我相信金钱并不是我追求的全部，我希望追求一种真正的内心满足和幸福感。,False
案例-45,张某锦,大家好，欢迎来参加我们的推介会。,False
案例-45,投资人A,你们卖的充电桩怎么样？,False
案例-45,张某锦,我们的充电桩质量一流，功能齐全，投资回报率非常高。,True
案例-45,投资人B,那我们需要投资多少钱？,False
案例-45,张某锦,一次性购买13个充电桩，每个桩的价值为58000元。,True
案例-45,投资人C,投资回报率是多少？,False
案例-45,张某锦,年化回报率可达200%。,True
案例-45,投资人A,听起来不错，我想参加。,False
案例-45,张某锦,很高兴您能参加我们的项目，相信您的投资会获得更多的回报。,True
案例-45,投资人B,如果投资了，我们的钱是怎么用的？,False
案例-45,张某锦,我们会用这些资金购买和建设充电桩项目。,True
案例-45,投资人C,那项目进展如何？,False
案例-45,张某锦,我们已经售出近2万台充电桩，项目进展非常顺利。,True
案例-45,投资人A,真的吗？,False
案例-45,张某锦,当然真的，我们已经收购和建设了123个充电桩。,True
案例-45,投资人C,那为什么还有108个停建状态？,False
案例-45,张某锦,这只是暂时的情况，我们会尽快处理。,True
案例-45,投资人B,你们的项目可靠吗？,False
案例-45,张某锦,当然可靠，我们的团队实力强大，投资安全有保障。,True
案例-45,投资人C,那你们的团队有什么背景？,False
案例-45,张某锦,我们的团队成员都具备丰富的行业经验和专业知识。,True
案例-45,投资人A,我怎么知道你们不是骗子？,False
案例-45,张某锦,我们是一家正规的公司，注册并在海南开展业务，您可以随时来我们的办公室了解更多。,True
案例-46,张思远,听说最近有个好项目，挣钱容易，有关系的人都加入了。,False
案例-46,王志勇,是吗？有什么项目啊？,False
案例-46,张思远,这个项目叫“西部大开发双向扶贫项目”，听说是可以快速发财致富的。,True
案例-46,王志勇,真的吗？能详细介绍一下吗？,False
案例-46,张思远,当然可以了，我们只需要投资一点钱，就能获得非常高额的回报。投资3800元，就可以获利380万回报。,True
案例-46,王志勇,那听起来确实很有诱惑力，不过我对投资这些项目有些担心。,False
案例-46,张思远,放心吧，这个项目是非常靠谱的。我们还会有专门的培训班，会教我们如何成功发展下线，赚更多的钱。,True
案例-46,王志勇,培训班是免费的吗？,False
案例-46,张思远,培训班需要交一些费用，但是相对于我们能够获得的回报来说，那点费用根本不算什么。,True
案例-46,王志勇,嗯，我要考虑一下。现在怎么加入呢？,False
案例-46,张思远,你只需要向我交纳一份会费，就可以加入了。,True
案例-46,王志勇,好的，请告诉我具体的操作步骤。,False
案例-46,张思远,首先，你需要在我的指导下填写一份加入表格，然后交纳会费。接着，我会教你如何发展下线，并带你参加培训班。,True
案例-46,王志勇,好的，我会跟着你的指导来的。,False
案例-47,小明,你好，我是小明，你是被XX推荐过来的吧？,True
案例-47,受害者,是的，我就是听朋友说这里有个好工作机会，所以我来了。,False
案例-47,小明,是的，这里确实有个不错的工作机会，你可以以很低的成本加入我们的团队。,True
案例-47,受害者,那具体是做什么工作呢？,False
案例-47,小明,我们的团队是一个健康产品销售团队，你将成为我们的销售代表。,True
案例-47,受害者,听起来不错，那我需要投入多少资金呢？,False
案例-47,小明,资金方面，你只需要支付一定的加入费用，这是为了保证你的认真度和团队的凝聚力。,True
案例-47,受害者,加入费用是多少呢？,False
案例-47,小明,加入费用就是几千元，不算多。,True
案例-47,受害者,那具体能赚多少呢？,False
案例-47,小明,这个嘛，根据你的努力程度和业绩来定，我可以保证你每月能有好几万的收入。,True
案例-48,张明,大家好，我是张明，今天我来给大家介绍一种非常好的投资机会。,True
案例-48,王丽,嗨，张明，请问你介绍的是什么投资机会？,False
案例-48,张明,这个投资机会是关于收藏品的，我们平台上有各种珍贵的收藏品可以投资，收益非常高。,True
案例-48,李伟,听起来不错，那你能详细介绍一下收藏品的种类和投资方式吗？,False
案例-48,张明,当然可以，我们的收藏品有字画、古董、玉器等多种种类，投资方式是通过购买收藏品后将其进行再次销售来获取高额回报。,True
案例-48,王丽,这听起来像是传销活动啊，你们的操作合法吗？,False
案例-48,张明,绝对合法，我们是一个正规的平台，所有的操作都是合法的。,True
案例-48,李伟,那你们会不会有风险呢？毕竟投资都是有风险的。,False
案例-48,张明,我们的平台经过严密的风控措施，保证了投资的安全性，风险极低。,True
案例-48,王丽,我想了解一下投资的收益率是多少呢？,False
案例-48,张明,收益率非常高，通常情况下可以达到数十倍甚至更高。,True
案例-48,李伟,听起来确实非常诱人，那我可以先试试看吗？,False
案例-48,张明,当然可以，你可以先试着购买一件收藏品进行投资。,True
案例-48,王丽,我还需要了解一下支付方式和购买流程。,False
案例-48,张明,我们的支付方式有多种选择，你可以通过银行转账或者支付宝等方式进行付款，购买流程也非常简单，我可以为你提供详细的指导。,True
案例-48,李伟,那我先购买一件吧，看看效果如何。,False
案例-48,张明,非常好，你的选择没有错，购买收藏品是个明智的决策。,True
案例-49,李明,你好，我是李明，我是TR外汇网络平台的代理人，我给大家介绍一下我们的投资项目，我们平台是一个正规的外汇交易平台，经过长期的稳定运营，业绩非常不错。,False
案例-49,王红,听说你们这个外汇平台挺不错的，能不能详细告诉我怎么参与？,False
案例-49,李明,当然可以。我们的投资方式很简单，你只需要通过注册成为我们的会员，之后可以通过投资一定金额参与外汇交易，我们会为你提供专业的交易指导和分析，保证你的投资安全。,False
案例-49,刘芳,那我投资了之后，能不能每个月都有回报？,False
案例-49,李明,是的，我们平台保证每个月给投资者稳定的回报，回报率最低可以达到60%以上，而且我们还会采用金融技术手段来保障你的投资，即使市场出现波动，也能保证稳赚不赔。,False
案例-49,赵华,听起来不错，我可以投多少钱呢？,False
案例-49,李明,我们平台有不同的投资额度可以选择，最低的是4500元，最高可以达到5万元。,False
案例-49,王红,那我可以先试一下最低额度的投资吗？,False
案例-49,李明,没有问题，你可以先投资最低额度，看一下回报情况如何，如果满意的话，之后还可以逐渐增加投资金额。,False
案例-49,刘芳,如果我想退出投资，会有什么影响吗？,False
案例-49,李明,不会有任何影响。如果你决定退出投资，我们会按照你的要求返还你的本金和利润，完全没有风险。,False
案例-50,姚某,大家好，欢迎参加我们线下宣讲会，我是公司的教育总监张某，接下来将由我和姚总来给大家介绍一下我们公司的运营方式和‘恩多多’的使用方法。,False
案例-50,张某,在‘恩多多’上购物不仅不花钱，还能获得返利。只要购物之后，就能获得进入‘批发区’的资格，那里才是吸引用户下载我们App的核心区域。,True
案例-50,姚某,在‘批发区’，我们销售的商品价格都是折扣后的价钱，购买后可以委托平台以原价代为出售，并且赚取返现。这样，我们就可以轻松赚取差价。,True
案例-50,张某,是的，购买完成后，用户立刻委托平台以原价出售商品，平台收取一定的手续费后，剩余的钱会返还给用户。所以大家购物之后都能获得一定的盈利。,True
案例-50,姚某,平台所返还的资金是以积分的形式存在的，用户需要自行提现。但是，不论购买的折扣是多少，这些商品很难以原价出售，所以其实返还的积分就是一种虚拟的回报。,True
案例-50,姚某,我们的App设计了多个会员级别，通过消费金额和发展下线来升级。等级越高，提成越多。只要发展足够的下线，每个人都有机会赚取更多的钱。,False
案例-50,姚某,我们需要达到一定的消费标准和团队业绩才能升级，同时，下线的消费也能为上线带来一定的提成收益。这样，大家都可以通过发展下线来更多赚取利润。,False
案例-50,张某,这个模式已经在其他类似的App中得到了验证，很多人通过这样的方式赚了不少钱。我们相信‘恩多多’也能给大家带来更多的收益。,True
案例-50,徐小姐,我听说在‘恩多多’上购物不仅可以获得返利，还能赚钱。这是真的吗？,False
案例-50,苗某,是真的。只要在商城里买东西，截图发群里，7天内购物的钱就可以返还，还能获利30%左右。你可以试试看。,True
案例-50,徐小姐,那听起来挺不错的。我应该怎么操作呢？,False
案例-50,苗某,首先，你需要扫描我的二维码，这样我就能成为你的介绍人。接下来，你就可以下载App并注册账号了。,True
案例-50,徐小姐,明白了，我马上去操作。谢谢你的介绍！,False
案例-50,苗某,不客气，希望你能在‘恩多多’上赚到更多的钱。如果有什么问题，随时都可以问我。,True
案例-50,徐小姐,好的，我会的。谢谢你！,False
案例-51,茶星科技公司业务员,我们公司是一家专门经营投资养老项目的公司，可以让您既能赚钱，又能享受旅居式养老的服务。,True
案例-51,祁先生,听起来太好了，我对投资养老项目非常感兴趣。,False
案例-51,茶星科技公司业务员,非常感谢您的兴趣，我们的投资门槛只需要6000元，您每天可以获得150元的现金收益，并且在我们的养老机构消费使用积分。,True
案例-51,祁先生,听起来很不错，我愿意投资6000元成为会员。,False
案例-51,茶星科技公司董事长,欢迎各位新会员加入，我保证这是一个保本的投资，三个月内就可以回本。,True
案例-51,祁先生,谢谢董事长的保证，我很期待收益早日到账。,False
案例-51,茶星科技公司员工,请大家选择加入我们的战队，提高我们的收益。,True
案例-51,祁先生,我愿意加入其中一个战队，增加我的收益。,False
案例-51,茶星科技公司董事长,我们将定期发放奖励给表现优秀的战队，大家一起努力吧！,True
案例-51,祁先生,我一定会努力发展下线，为战队争取更多的奖励。,False
案例-51,茶星科技公司员工,感谢大家的支持和信任，我们会在未来为您提供更好的养老服务。,True
案例-51,祁先生,我相信茶星科技公司一定可以让我获得稳定的收益。,False
案例-52,小陈,我给小陈投的钱拿不回来了。,False
案例-52,小李,她说项目是她表哥沈某负责的，不会骗我的。,False
案例-52,小王,我也不懂怎么弄，都是她帮我在手机上操作的，让我每个星期去她办公室领1000多块钱。,False
案例-52,陈某,小陈，你投资的钱会有高额回报的，这个项目是我表哥沈某负责的，绝对不会骗你的。,True
案例-52,陈某,这个项目叫做悦跑，总部在新加坡，拥有六大运营板块，非常有发展前景。,True
案例-52,陈某,只需要投资悦跑项目，就能保证你在五个月内回本，并且在50周内获得三倍的利润。,True
案例-52,陈某,投资购买的是名为“能量盾”的虚拟货币，可以在悦跑的六大板块内进行使用。,True
案例-52,陈某,你需要下载悦跑App，以每50元的价格购买能量盾，购买100个能量盾就可以成为会员。,True
案例-52,陈某,购买能量盾后，我们会额外赠送你两倍数量的能量盾，每周会定期释放一定数量的能量盾。,True
案例-52,陈某,你每周来我办公室领取1000多块钱的返利就可以了。,True
案例-52,陈某,如果你能推荐其他人投资悦跑项目，你的回报就会更高。,True
案例-52,陈某,记住，这个项目是我表哥沈某负责的，绝对不会出事的。,True
案例-52,沈某,陈某是我的表妹，她在太仓负责悦跑项目的运营。,True
案例-52,沈某,悦跑项目是一个非常有前景的投资机会，投资者可以获得高额回报。,True
案例-52,沈某,我们有六大运营板块，可以确保项目的持续发展和回报。,True
案例-52,沈某,只要你投资悦跑项目，就能保证你在五个月内回本，并且在50周内获得三倍的利润。,True
案例-52,沈某,投资购买的是名为“能量盾”的虚拟货币，可以在悦跑的六大板块内进行使用。,True
案例-52,沈某,你需要下载悦跑App，以每50元的价格购买能量盾，购买100个能量盾就可以成为会员。,True
案例-52,沈某,购买能量盾后，我们会额外赠送你两倍数量的能量盾，每周会定期释放一定数量的能量盾。,True
案例-52,沈某,你每周来领取1000多块钱的返利就可以了。,True
案例-52,沈某,如果你能推荐其他人投资悦跑项目，你的回报就会更高。,True
案例-52,小陈,我相信你，你是我表哥，不会骗我。,False
案例-52,沈某,别担心，项目一切正常，你的投资会有高额回报的。,True
案例-52,小陈,好的，我会继续投资的。,False
案例-52,小陈,我给你投资了12.5万元，能返利多少呢？,False
案例-52,沈某,按照我们的承诺，你的投资会在五个月内回本，并且在50周内获得三倍的利润。,True
案例-52,小陈,太好了，我等着拿钱了。,False
案例-52,沈某,没问题，只要你继续投资并推荐其他人加入，你的回报会更多。,True
案例-52,小陈,我会努力推荐更多人的。,False
案例-52,陈某,沈表哥，你说我投资的钱什么时候能拿回来？,True
案例-52,沈某,小陈，你不用担心，只要你坚持投资，你的回报是肯定能拿到的。,True
案例-52,小陈,好的，我相信你。,False
案例-52,小陈,我投资的钱能在这里领取吗？,False
案例-52,陈某,投资的钱每周都可以在我办公室领取，不用担心。,True
案例-52,小陈,那太好了，我会每周来领取的。,False
案例-52,陈某,我还是要再次强调，这个项目是我表哥沈某负责的，绝对不会出事。,True
案例-52,陈某,我们的项目一切正常，你的投资会有高额回报的。,True
案例-52,小王,这个项目真的没问题吗？,False
案例-52,陈某,小王，你不用担心，我表哥是一个非常有经验的人，绝对不会骗你的。,True
案例-52,陈某,我已经在这个项目投资了一段时间了，每周都能拿到丰厚的返利。,True
案例-52,小王,那我也试试看。,False
案例-52,陈某,你肯定不会失望的。,True
案例-53,张峰,人越多提成越高,True
案例-53,张峰,消费后还能获得高额返利,True
案例-53,张峰,稳赚不赔、低风险高回报,True
案例-53,张峰,您只要会买 我们就帮你赚,True
案例-53,张峰,诱人的广告语,True
案例-53,张峰,让人怦然心动的座谈会,True
案例-53,张峰,让不少受害者飞蛾扑火般,True
案例-53,张峰,投入到传销的骗局之中,True
案例-53,张峰,百日行动,True
案例-53,张峰,人员架构等情况,True
案例-53,张峰,"可对下级团队成员

在平台商城内的消费金额层层提成",True
案例-53,张峰,啊哈，是吗？听起来不错哦！,True
案例-53,张峰,看来这个投资平台真的很靠谱啊！,True
案例-53,张峰,是吗？看来这个平台确实挺不错的。,True
案例-53,张峰,听起来很不错啊！我也想加入！,True
案例-53,张峰,那我也注册一个试试看！,True
案例-53,张峰,既然你们都说这个平台靠谱，那我也要加入。,True
案例-53,张峰,对啊，这个会员制度看起来很有吸引力。,True
案例-53,张峰,是啊，有消费返利还有高额提成，挺划算的。,True
案例-53,姚秀英,是的，你只需要购买一件商品作为入会费就可以成为我们的会员了。,True
案例-53,姚秀英,嗯，然后你可以通过发展下线来获得更多的提成。,True
案例-53,姚秀英,没错，我们的平台可以帮你实现财富的增长。,True
案例-53,姚秀英,是的，你只要投资消费，我们就会帮你赚取高额回报。,True
案例-53,姚秀英,没错，加入我们的平台，你可以获得稳定的收益。,True
案例-53,姚秀英,我们的平台注重风险控制，可以确保你的投资安全。,True
案例-53,姚秀英,是的，加入我们的平台，你不仅可以获得高额返利，还能享受优惠折扣。,True
案例-53,姚秀英,没错，我们专注于为会员提供优质的服务和产品。,True
案例-53,姚秀英,是的，我们平台的运营模式非常简单易懂。,True
案例-53,姚秀英,嗯，我们的平台可以帮助你实现财富的增长。,True
案例-53,姚秀英,是的，我们平台的原理就是人越多，提成越高。,True
案例-53,姚秀英,没错，你在平台上购买的商品还能获得高额返利。,True
案例-53,姚秀英,是的，我们的投资平台是稳赚不赔的，绝对低风险高回报。,True
案例-53,姚秀英,我们平台的经营理念就是，只要你会买，我们就能帮你赚。,True
案例-53,姚秀英,我们的广告语特别吸引人，让你一听就心动。,True
案例-53,姚秀英,我们的座谈会非常精彩，让你不由自主地加入。,True
案例-53,姚秀英,很多人都被我们的平台所吸引，进入了传销的骗局。,True
案例-53,姚秀英,我们对外宣传的百日行动非常成功，吸引了很多投资者。,True
案例-53,张峰,听起来好像是一个靠谱的投资平台。,False
案例-53,张峰,我们可以试试看，反正也没什么风险。,False
案例-53,张峰,那我就试试看，有什么损失呢？,False
案例-53,张峰,听你们说的，感觉这个平台不错呢。,False
案例-53,张峰,你们加入了这个平台后，有没有获得过好处？,False
案例-53,张峰,我想加入这个平台，你们可以帮我吗？,False
案例-53,张峰,听说你们平台的会员制度很不错，我也想加入。,False
案例-53,张峰,这个平台的返利政策真的很吸引人。,False
案例-53,张峰,听说你们的投资平台可以帮助人实现财富自由，是真的吗？,False
案例-53,张峰,你们的平台有什么优势呢？,False
案例-53,张峰,这个平台靠谱吗？我有点犹豫。,False
案例-53,姚秀英,我们平台的确能帮助会员获取高额提成和返利。,True
案例-53,姚秀英,是的，很多会员都获得了丰厚的收益。,True
案例-53,姚秀英,当然可以！你是我们的新朋友，我们非常欢迎你加入。,True
案例-53,姚秀英,是的，我们的会员制度非常有吸引力。,True
案例-53,姚秀英,没错，加入我们的平台你可以享受到许多好处。,True
案例-53,姚秀英,是的，我们的投资平台确实可以帮助你实现财富增长。,True
案例-53,姚秀英,当然了，我们平台的返利政策非常优厚。,True
案例-53,姚秀英,没错，我们的平台是靠谱的，你可以放心加入。,True
案例-54,李明,小姐妹们，我发现了一个可以躺着赚钱的机会，只需要下载一个刷脸支付软件，充值成为会员，就能返利。,True
案例-54,张倩,哇，听起来好厉害啊！能具体说说是怎么赚钱的吗？,False
案例-54,李明,当然！你只需要通过这款软件，消费的同时就能获得返利。而且只要成为高级会员，甚至可以躺着不干活就能赚钱。,True
案例-54,王丽,听起来好神奇啊！我可以马上加入吗？,False
案例-54,李明,当然可以！你只需要下载我们的软件“网联嘉”，然后充值100块试试看如何。,True
案例-54,周阿姨,这个听起来不错，我也来试试看。,False
案例-54,王芳,我不想错过这个机会，我要充值988.8元成为高级会员。,False
案例-54,李明,好的，欢迎加入我们的团队！你现在已经成为网联嘉的钻石会员了，可以享受更多的福利和返利。,True
案例-54,王芳,太好了！我可以躺着赚钱了！,False
案例-55,刘洋,你好，请问你是张小姐吗？,False
案例-55,张小姐,是的，我是张小姐。有什么事吗？,False
案例-55,刘洋,我是中国人民银行的工作人员，我们发现您的银行卡有异常交易。请问您最近有没有在陌生网站上购物或泄露过银行卡信息？,True
案例-55,张小姐,我最近没有在陌生网站上购物，也从来没有泄露过银行卡信息。异常交易是怎么回事？,False
案例-55,刘洋,很抱歉给您带来困扰。您的银行卡信息可能已经被盗用，并在外地进行了大额消费。为了保护您的权益，我需要您的协助进行核实，请您提供一下银行卡信息。,True
案例-55,张小姐,可是我真的没有泄露过银行卡信息，我有点担心……,False
案例-55,刘洋,放心，我是银行工作人员，我会为您保密的。您只需要告诉我卡号、姓名、有效期和CVN码就可以了。,True
案例-56,范女士,我看到了一则招聘信息，工作内容就是接收十字绣、串珠子之类的手工活，工资按件计算，多劳多得，觉得挺轻松的，就提交了个人信息。,False
案例-56,范女士,在交完698元押金后，我接到了一些手工任务。,False
案例-56,范女士,但接下来几天任务量逐日增加，根本无法完成，我准备放弃了。,False
案例-56,诈骗团伙,对不起，您需要完成任务才能退款。,True
案例-56,范女士,我已经很努力了，但任务太多我实在完成不了。,False
案例-56,诈骗团伙,如果你想退出，我只能说您已经违约了。,True
案例-56,范女士,我要求退还代理费。,False
案例-56,诈骗团伙,不完成任务是不能退还代理费的。,True
案例-56,范女士,这是诈骗，我要报警！,False
案例-57,陈某令,大家好，我叫陈某令，很高兴能够加入我们的亚元交易平台。我相信你们听说过亚元项目，这是一个非常有潜力的投资机会。我个人经历了一段时间的投资，收益非常可观。现在，我想把这个机会分享给大家，一起赚取高回报。,False
案例-57,李明,陈某令，你好。我是李明，很好奇你说的亚元项目是什么。能给我们介绍一下吗？,False
案例-57,陈某令,当然可以，李明。亚元项目是一个基于数字货币交易的投资项目。我们通过亚元交易平台进行投资，利用数字货币的波动性赚取差价利润。这个项目非常靠谱，风险相对较小。我们的团队已经建立了稳定的盈利模式，你可以放心加入。,False
案例-57,王红,听起来不错，陈某令。那我加入需要缴纳多少费用？,False
案例-57,陈某令,王红，加入亚元项目只需缴纳一定的会员费用。具体金额根据你的投资额度而定，金额越大，相应的投资回报也会增加。我可以给你个人详细分析，你可以选择最适合你的投资方案。,False
案例-57,李明,陈某令，我有点担心风险。你们有没有提供任何投资保障措施？,False
案例-57,陈某令,李明，我们亚元项目是非常正规合法的投资项目，我们有完善的保障措施。首先，我们有一支专业的团队负责风控，会及时监测市场变化，做出合理的投资决策。其次，我们会定期向会员发送投资报告，让你们了解项目的运营情况。最重要的是，我们的团队有丰富的经验和成功案例，你可以放心投资。,False
案例-57,王红,陈某令，我听说你们团队已经有不少成功的案例了。你能不能给我们看看一些投资回报的数据呢？,False
案例-57,陈某令,当然可以，王红。我们团队的投资回报是非常可观的。根据过去的数据统计，投资者的回报率平均在30%以上，甚至有的超过50%。你可以参考之前的成功案例了解更多信息。我们团队非常注重长期合作，你会得到稳定的投资回报。,False
案例-57,李明,听起来确实很吸引人。陈某令，我考虑一下，如果决定加入，需要什么手续？,False
案例-57,陈某令,李明，加入亚元项目非常简单。你只需要通过微信转账缴纳会员费用，然后加入我们的交易群就可以了。我们的团队会在群里给你提供相关的操作指导，并帮助你开始投资。非常方便快捷。,False
案例-57,王红,听起来很不错。陈某令，我决定加入亚元项目了。请告诉我具体操作步骤和金额。,True
案例-57,陈某令,太好了，王红。恭喜你做出这个明智的决定。我会私信给你详细的操作步骤和会员费用。有任何问题，你可以随时向我咨询，我会帮助你解决。,True
案例-58,骗术一骗子,哎，你听说过传销吗？有个机会可以让大家分享好事哦！门面超级阔绰，充满活力的氛围，你会觉得这是个很好的投资机会呢！,True
案例-58,受害者一,传销？听说过，但我一直觉得那是骗人的东西。,False
案例-58,骗术一骗子,呵呵，你可别误会，我们这个传销机构是国家支持的，我们的项目是政府扶持的国家级项目。,True
案例-58,受害者一,真的吗？政府都支持，看起来好像很可信。,False
案例-58,骗术一骗子,不仅政府支持，我们的经营模式也很先进，利润很高。只要投资3800元，你就可以赚到数百万！而且我们已经有几十万人参与了开发项目。,True
案例-58,受害者一,听起来好诱人啊，可是我还是觉得有点不靠谱。,False
案例-58,骗术一骗子,你放心，我们可是国家试点项目，还符合个人所得税标准，入门费的一部分还要上缴国家税收呢。,True
案例-58,受害者一,哦，这样啊，那听起来还挺靠谱的。不过，你能解释一下怎么赚到这么多钱吗？,False
案例-58,骗术一骗子,我们有一个特殊的经营投资模式，涉及到电子商务、消费返利、连锁加盟和特许经营等，这些都是改革创新的产物。,True
案例-58,受害者一,听起来好复杂啊，我不太懂。,False
案例-58,骗术一骗子,没关系，加入后我们会有培训和指导，一对一地帮助你了解和掌握这些经营模式。,True
案例-59,吴阿姨,听朋友说在一个名叫“玉麒麟”的APP上购买饲养赢鱼、天马、鲲鹏、白泽、凤凰等虚拟动物，养大后可以卖大价钱。,False
案例-59,吴阿姨,出于对朋友的信任，我抱着尝试的念头，在朋友的邀请下注册成为新会员，并向上线会员购买“呼兽令”后饲养虚拟动物。,False
案例-59,吴阿姨,起初经过少量投资，我获得了一些收益，对此更加信任，就加大了投资。,False
案例-59,吴阿姨,但随着投资的增加，却无法获得收益，最后亏损十余万元，这才意识上当受骗，遂报警。,False
案例-59,警方,经查，犯罪嫌疑人谢某生、郭某顺伙同吴某根、漆某海等人到上高推广“玉麒麟”资金互助APP，通过线上拉人头的方式不断发展下线实施传销活动，以获取动态和静态收益。,True
案例-59,警方,至案发前，先后有20余名老年人被骗，涉及金额120余万元。,True
案例-60,陈晓宇,你是不是还以为他们是这样的？,False
案例-60,叶丽娜,小黑屋里集体上大课,True
案例-60,叶丽娜,限制人身自由,True
案例-60,叶丽娜,魔性洗脑,True
案例-60,叶丽娜,然而随着网络的发展,False
案例-60,叶丽娜,传销也从“线下”转到了“线上”,False
案例-60,叶丽娜,一不小心就可能误入,False
案例-60,叶丽娜,什么是网络传销,False
案例-60,叶丽娜,网络传销是以互联网为平台的新型传销方式，往往打着电子商务、免费获利、消费返还、网上创业、投资理财、爱心互助、网络博彩（游戏）、资本运作等幌子进行传销，具有很强的隐蔽性和欺骗性。,False
案例-60,叶丽娜,网络传销！,False
案例-60,叶丽娜,不但有隐秘的诈骗手法骗你上当,True
案例-60,叶丽娜,还能神不知鬼不觉地传播散开,True
案例-60,叶丽娜,也许是你的亲友或是同事,False
案例-60,叶丽娜,都有可能无意间,False
案例-60,叶丽娜,将你拉入“网络传销”的圈套,False
案例-60,叶丽娜,如何快速识破“网络传销”的套路？,False
案例-60,叶丽娜,小编来教你！,False
案例-60,叶丽娜,1,False
案例-60,叶丽娜,提防入门费,False
案例-60,叶丽娜,骗子们一般都会先处心积虑地设置一个所谓项目，编织一个美丽的谎言，让你钻进这个诱人的陷阱。通过反复说教“洗脑”，让人们交纳“入门费”，并将该项“入门费”作为返利提成的本金，这种有门槛的注册，就是传销骗你上钩的第一步。,True
案例-60,叶丽娜,2,False
案例-60,叶丽娜,小心拉人头,False
案例-60,叶丽娜,当你一旦成为会员，平台组织就会要求你不断地拉亲戚朋友加入，发展下线，组成层级，就是我们所说的“拉人头”。,False
案例-60,叶丽娜,3,False
案例-60,叶丽娜,拒绝按人头抽成,False
案例-60,叶丽娜,传销组织会告诉你，你拉来的人头数量决定着你获利的多少，新加入者缴纳的费用会被层层瓜分。但这种模式就是一种“拆东墙补西墙”过程，最后还是会崩盘，让整个传销骗局原形毕露。,True
案例-60,叶丽娜,无论传销的形式,False
案例-60,叶丽娜,如何变化发展,False
案例-60,叶丽娜,总而言之就是,False
案例-60,叶丽娜,来源：禅城公安,False
案例-61,骗子（李明）,您好，我是老妈乐商贸有限公司的李明。很高兴您对我们公司的养老业务感兴趣。,False
案例-61,受害者（王老太太）,你好，李明。我听说你们公司可以办理养老业务，是吗？,False
案例-61,骗子（李明）,是的，我们公司专门为老年人办理养老业务。只要办卡就能成为我们的会员，以后就不用为养老发愁了。,True
案例-61,受害者（王老太太）,办卡后还能领取高额利息？听起来不错。,False
案例-61,骗子（李明）,是的，我们公司承诺每月兑付高额的利息给会员，并且提供各种免费的物品和惊喜。,True
案例-61,受害者（王老太太）,那我要办什么级别的会员卡？,False
案例-61,骗子（李明）,您可以根据自己的需求决定会员卡的级别，存款越多，级别越高。比如，存1280元为银卡会员，存6400元为金卡会员，存12800元为钻石卡会员等等。,True
案例-61,受害者（王老太太）,那存款后可以随时取出吗？,False
案例-61,骗子（李明）,当然可以随时取出了，我们公司保障会员的资金安全，可以全额提款。,True
案例-61,受害者（王老太太）,听起来挺不错的，我可以先试试吗？,False
案例-61,骗子（李明）,当然可以，您可以现在就办理会员卡，我在这里安排一下手续。,True
案例-61,受害者（王老太太）,好的，我带了现金。,False
案例-61,骗子（李明）,没问题，办理完业务之后我会给您登记姓名和手机号码。,True
案例-61,受害者（王老太太）,那没有发票和收据吗？,False
案例-61,骗子（李明）,不好意思，我们公司不提供发票和收据，但是您可以放心，我们公司是合法的。,True
案例-61,受害者（王老太太）,好吧，既然是合法的，我就相信你们了。,False
案例-61,骗子（李明）,谢谢您的信任，我们会竭尽所能为您服务的。,True
案例-62,王某某,同学，我听说有个叫做“连锁经营1040工程”的扶贫项目，据说投资者可以躺着赚钱，你有兴趣一起加入吗？,False
案例-62,陈某,哇，听起来不错啊！告诉我详情吧。,False
案例-62,王某某,这个项目是国家支持的扶贫工程，只需要缴纳69800元，就可以在短短2至3年期间赚到1040万元！,True
案例-62,陈某,真的假的？这太诱人了！怎么能赚这么多钱呢？,False
案例-62,王某某,这个项目采取了连锁经营的方式，我们需要拉人头加入并交钱，然后他们再拉人头加入，我们就能赚到回报。,True
案例-62,陈某,听起来好像是传销啊，会不会有风险？,False
案例-62,王某某,不用担心，这个项目是经过国家支持和认可的，完全合法合规的。我们只需要按照层级购买份额，然后发展下线，等到一定数量的份额并满足晋升条件，我们就能晋升到上一个层级。,True
案例-63,受害者,你好，请问你是ZBS平台的客服吗？我在平台上抢单被骗了9317.28元，能帮我解决吗？,False
案例-63,诈骗者,您好，非常抱歉听到您的遭遇。我是ZBS平台的客服，我会尽力帮您解决这个问题。,True
案例-63,受害者,非常感谢！我之前在ZBS平台上抢购了一些虚拟玉石，但是没有收到货物，钱也没有退回来。,False
案例-63,诈骗者,非常抱歉给您带来了困扰。请您提供一下您的账户信息和交易记录，我会帮您查找并解决这个问题。,True
案例-63,受害者,好的，我马上提供给你。,False
案例-63,诈骗者,非常感谢您的配合，请您稍等片刻，我会尽快调查这个问题。,True
案例-63,受害者,好的，谢谢你的帮助。,False
案例-63,诈骗者,经过我们的核实，您的账户确实存在异常交易。您的账户可能被黑客入侵了，请您尽快更改密码并注销不明交易。,True
案例-63,受害者,啊，那我该怎么办？我怎么才能追回被骗的钱？,False
案例-63,诈骗者,非常抱歉，我们目前正在进行追回被盗资金的工作，需要您的配合。请您提供一下您的银行卡信息，我们会尽快将被盗的资金返还给您。,True
案例-63,受害者,好的，我会提供给你。,False
案例-63,诈骗者,非常感谢您的配合。我们会尽快处理您的问题，并将被盗的资金返还给您。,True
案例-64,小明,哎呀，这款胶原蛋白产品真的好贵啊，一盒要八九百元。,False
案例-64,小红,是啊，听说这个产品很好，所以价格也比较高。,False
案例-64,小明,但是我觉得这个价格离谱啊，难道里面有特殊的成分吗？,False
案例-64,小红,可能是有些特殊的功效吧，不然怎么会这么贵呢？,False
案例-64,小明,我听说这个胶原蛋白产品还可以用来理财，可以获得很高的回报。,True
案例-64,小红,真的吗？那可真是太诱人了！,False
案例-64,小明,是的，那个销售人员告诉我，只要投资进去，就可以享受高额回报。,True
案例-64,小红,这么好的机会我可不能错过！我要赶紧买一盒胶原蛋白产品。,False
案例-65,胡林,我和刘良在网上投资被骗25万余元。,False
案例-65,胡林,陈火告诉我在做投资，收益很可观。,False
案例-65,胡林,我当时就很心动，扫描了他手机上的推荐码下载了这家名叫“浙江泽源新能源责任有限公司”所属名为“泽源电网”的APP。,False
案例-65,胡林,这个APP是以投资购买电站项目入股的形式分利润，按投资金额和时长不同分为长期和短期投资。,False
案例-65,胡林,按照平台规则，我们很快就得到了返利分红。,False
案例-65,胡林,于是，我们想获取更多分红，选择了投资金额更多、时间更长的方案，多次向该平台转账。,False
案例-65,胡林,但到了连本金都无法返还的时间，该平台显示无法提现，需要追加投资。,True
案例-65,刘良,我联系客服，得到的回复也是必须追加投资才能提现，否则账户将被封存并移交资金。,True
案例-65,胡林,我们意识到不对劲了，与其他投资人商量维权办法，然后报警。,False
案例-66,张小凡,你好，我是张小凡。你对我们的项目非常感兴趣，想加入我们传销组织吗？,True
案例-66,李明,嗯，是的。我听说你们的项目非常赚钱，我也想试试。,False
案例-66,张小凡,那太好了！只要你支付入门费，就能正式加入我们的团队了。,True
案例-66,李明,入门费是多少呢？,False
案例-66,张小凡,只需要一万块钱，这样你就能成为我们的一员了。,True
案例-66,李明,听起来不错，那我什么时候可以开始赚钱呢？,False
案例-66,张小凡,一旦你加入我们，并成功发展了你的下线，你就能躺在家里赚钱了。,True
案例-66,李明,听起来好像很轻松啊。那你们的产品是什么呢？,False
案例-66,张小凡,我们有很多产品可以销售，不过更重要的是发展下线，通过你的努力，你可以成为高层级代理，这样你就能获得更多的返利了。,True
案例-66,李明,哦，原来如此。听你这么一说，我更有信心了。,False
案例-66,张小凡,是的，我们还能利用国家政策，像万众创业一样，这样可以更有说服力。,True
案例-66,李明,这真的很诱人，我想趁着现在这个机会，试试这个项目。,False
案例-66,张小凡,那真是太好了！我相信你一定能成为我们团队中的顶级代理。,True
案例-66,李明,谢谢你的信任，我会努力的。,False
案例-67,张明,大家好，我叫张明，我是一个做理财的专业人士。我今天来给大家介绍一种全新的民间自愿互助理财项目，可以帮助大家实现财富自由。,True
案例-67,李华,听起来不错，能具体介绍一下这个项目的运作方式吗？,False
案例-67,张明,当然了。我们项目的运作方式非常简单，就是通过互助金和返利来赚取利息。你只需要将一定数额的资金投入到项目中，并邀请你的亲友加入，你就可以享受到高额的利息回报。,True
案例-67,王强,这听起来像是传销活动啊，我有点担心。,False
案例-67,张明,哪有那么严重呢？我们是合法注册的公司，有完备的资金保障措施，绝对不会出现跑路或者风险。你可以放心投资。,True
案例-67,李华,那你能告诉我们具体的投资回报率吗？,False
案例-67,张明,当然可以。我们的项目回报率非常可观，可以达到10%以上。而且，你邀请的亲友也会为你带来额外的收益。,True
案例-67,王强,听起来确实很有诱惑力。我会考虑一下的。,False
案例-68,张晓明,你好，我是人人优益公司的代理商张晓明。最近有一个非常好的投资项目，我们公司名为人人公益，以爱心慈善为主题，承诺每个投资者可以得到高额的红利回报。,True
案例-68,刘洋,听起来很不错啊，可以告诉我具体的投资方式吗？,False
案例-68,张晓明,当然可以！我们的投资方式是通过购买人人公益的爱心币进行投资，每个爱心币的回报可以达到最高的5倍。,True
案例-68,刘洋,那投资金额多少合适呢？,False
案例-68,张晓明,根据你的实际情况，我们建议你可以先投资10000元，这样每天的回报就能达到500元，非常可观。,True
案例-68,刘洋,听你这么说，确实非常诱人，但是我还是有些犹豫。,False
案例-68,张晓明,我理解你的犹豫，但是我可以向你保证，我们公司是正规的投资公司，完全合法合规。而且，我们的回报率非常高，风险几乎为零。,True
案例-68,刘洋,如果我投资了，如何提现回报呢？,False
案例-68,张晓明,提现非常简单，你只需要在我们的平台上申请提现，然后钱就会直接转入你的银行账户。,True
案例-68,刘洋,听起来比较简单啊，但是我还是担心会不会有风险。,False
案例-68,张晓明,我明白你的担心，但是在我们公司投资是绝对没有风险的。我们已经有很多投资者成功提现了，你可以信任我们。,True
案例-69,张明,你好，我是张明，我来自银行，我注意到您的账户可能存在安全问题，我需要您的协助确认一下。,False
案例-69,李华,哦？有安全问题？您是在哪个银行工作的？,False
案例-69,张明,我是中国农业银行的一名工作人员，您的账户看起来可能遭受了一次未经授权的访问。为了保护您的财产安全，我需要您提供一些信息进行进一步核实。,True
案例-69,李华,这么严重吗？好吧，您需要我提供哪些信息？,False
案例-69,张明,首先，我需要您提供账户号码和密码，请您确认一下。,True
案例-69,李华,账户号码是123456789，密码是abc123。,False
案例-69,张明,谢谢您的配合。还有一件事，为了验证您的身份，我需要您提供您的身份证号码和电话号码。,True
案例-69,李华,我的身份证号码是510******，电话号码是138********。,False
案例-69,张明,非常感谢您的配合，我会尽快核实您的账户。如果有任何问题，我会及时与您联系。,True
案例-69,李华,好的，请您尽快核实，谢谢您的帮助。,False
案例-70,谢文峰,大家好，我是之道出行的CEO谢文峰。很高兴见到各位。,False
案例-70,张健,大家好，我是张健，我正在推出一种新型虚拟货币——五行币，它具有巨大的投资潜力。,True
案例-70,陈安之,大家好，我是陈安之，是成功大师公司的创始人。我要告诉大家如何通过心灵培训来获得成功。,True
案例-70,创造丰盛心灵,大家好，我是创造丰盛心灵公司的代表，我们公司专门开展心灵培训课程，帮助人们实现内心的富足。,True
案例-70,善心汇,大家好，我是善心汇公司的代表。我们将通过慈善事业来传递爱心，帮助有需要的人。,True
案例-71,传销骗子1,你好，我是王强，听说你对赚钱很感兴趣，我这里有一个好机会，能帮你实现你的发财梦。,True
案例-71,小奇,哇，真的吗？我一直都想做一份大事业，能告诉我更多细节吗？,False
案例-71,传销骗子1,当然可以了。我们是一个非常成功的团队，每个人都赚到了很多钱。我们的项目非常稳定，投资小，回报很高。只需花费69800元，购买21个份额，一年后你就能得到1040万。,True
案例-71,小奇,这听起来挺诱人的，但是我还是需要考虑一下。我没有这么多钱，可能需要找家人帮忙。,False
案例-71,传销骗子1,没问题，我们的团队可以提供帮助。如果你的家人也加入我们的团队，他们也能得到同样的回报。你可以劝说他们卖房子，这样就能凑齐所需的投资金额了。,True
案例-71,小奇,这样啊，我会跟家人商量一下的。如果同意的话，我们应该怎么操作呢？,False
案例-71,传销骗子1,一旦你们同意参与，我们会给你们提供详细的操作指南。你们可以把房子卖掉，然后把钱交给我们团队的人。然后我们会告诉你们如何进行下一步的操作，让你们得到预期的回报。,True
案例-71,小奇,好的，我会跟家人商量一下的。谢谢你的帮助。,False
案例-72,刘某,大家好，我是刘某，美国兆银基金总裁、全球未来城集团总裁等头衔都是真实的，我为你们带来一个非常好的投资机会——万福币项目。这是一种全球第一枚国家认可的虚拟数字货币，有着很高的收益率，可以在国际大盘交易，也可以提现。而且目前已经在国内申请直销牌照，非常正规。我希望你们能够加入我的团队，共同发展。有兴趣的请联系我，我会给你们更多的详细信息。,True
案例-72,张某,听起来挺不错的，但是这种投资项目稳健吗？我还是有些担心。,False
案例-72,刘某,放心吧，万福币的收益非常稳定，而且我已经有很多成功案例了。你可以看一下我的网上宣传，证明了我的实力和信誉。而且，我这边会有专业的团队提供技术支持和市场分析，确保你的投资可以获得最好的收益。,True
案例-72,张某,那我需要投入多少资金才能加入呢？,False
案例-72,刘某,只需要交纳一万元人民币即可成为万福币的会员，你的投资将会为你创造稳定的收益。等你加入后，我会给你详细解释收益的机制和奖金回报。,True
案例-72,张某,那听你的意思，是说只要我购买了万福币，它的价格上涨后，我就可以轻松赚钱了？,False
案例-72,刘某,是的，万福币的价格上涨后，你就可以躺着赚钱了。而且，万福币的一年收益率稳赚在三倍左右，这还只是静态奖。我们还有更多的动态奖励机制，让你可以赚取更多的提成。,True
案例-72,张某,听起来挺不错的，但是我需要了解更多细节，比如动态奖励的具体规则和提成方式。,False
案例-72,刘某,没问题，我会给你解释清楚的。动态奖励主要通过发展下线来实现，你发展的下线越多，你的提成也就越多。我们将会根据会员发展人员的多少分为不同级别，并提供相应的奖金回报。具体的级别和提成比例，我会在加入后详细解释给你。,True
案例-72,张某,这听起来相当有吸引力，但我还是想了解一下是否存在风险。,False
案例-72,刘某,我们的项目经过了美国证监会和银监会的批准，而且已经在国内申请直销牌照。这意味着我们的运作是合法的，不存在风险。我可以向你展示相关的审批文件和证明材料。,True
案例-72,张某,好的，我需要一些时间考虑一下，在做决定之前，我还会跟你进一步沟通的。,False
案例-72,刘某,没问题，你可以随时联系我，我会给你提供更多的信息和帮助。相信你会在我们的项目中获得很好的回报。,True
案例-73,刘某,嘿，你们好！我听说这个传销组织是以管理人员的多少和申购产品的多少来获得晋升和回报的，对吧？,False
案例-73,传销人员,是的，你说得没错。只要你能购买更多的产品，很快就能晋级。,False
案例-73,刘某,这简直是个巨大的商机啊！我可以帮助大家办理可透支20万元和40万元信用卡，帮你们购买更多的产品，加快你们的晋级速度。,True
案例-73,传销人员,真的吗？那太好了！我正苦恼没有足够的资金购买更多的产品呢。,False
案例-73,刘某,当然真的！我有很多渠道可以办理信用卡，只需要你们交一部分手续费就可以了。,True
案例-73,传销人员,交手续费没问题，我们的目标是快速晋级，你可以帮我们办理信用卡就太好了！,False
案例-73,刘某,好的！给我每个人交1000元手续费，我会为你们办理信用卡。,True
案例-73,传销人员,1000元？有点贵啊。可是我真的想购买更多的产品来加快升级。,False
案例-73,刘某,这是因为办理信用卡需要支付一些费用嘛，1000元只是一个很小的数目，相比于你们的回报来说，不算什么。,True
案例-73,传销人员,那好吧。虽然有些贵，但为了晋级，我还是愿意交。,False
案例-73,刘某,谢谢你的信任！我会尽快为你办理信用卡，并购买更多的产品，帮助你达到更高的级别。,True
案例-73,传销人员,太好了！你真是个好人！我期待着我的晋级进程加速。,False
案例-73,刘某,别客气！我也是希望大家都能取得更好的成绩。嗯，我需要先收集一些信息，请给我你的个人资料和身份证号。,True
案例-73,传销人员,好的，这是我的个人资料和身份证号。,False
案例-73,刘某,谢谢！我会保密的。你们只需要等待好消息就可以了。,True
案例-73,传销人员,感谢你的帮助！我们相信你一定能办好。,False
案例-73,刘某,没问题！我会尽快办理信用卡和购买产品，并及时通知你们。,True
案例-73,刘某,好了，我要回家乡办卡了。再见！,False
案例-73,传销人员,再见！谢谢你的帮助，祝你一路顺风！,False
案例-74,张丽,大家好，我叫张丽，我是一个护肤品销售代理商。我们的产品是经过严格检验认证的，能够帮助你们改善肤质，让你们拥有年轻美丽的肌肤。加入我们团队，不仅可以享受优惠价购买产品，还可以通过发展下线的方式获得丰厚的利润。大家是不是都想变得更美丽呢？跟我一起来吧！,False
案例-74,王健,听起来确实很不错，护肤品销售市场也挺火的。我也想加入你们的团队，能否详细介绍一下加入的具体流程和利润情况？,False
案例-74,张丽,当然可以！加入我们团队很简单，你只需要支付一定的入门费用，然后注册成为我们的会员。你可以按照优惠价购买护肤品，并且如果你能发展新会员加入我们团队，我们会给予你一定的返利，利润非常可观哦！,True
案例-74,王健,听你这么说，我觉得可以试一试。有其他的会员跟你合作过吗？效果怎么样？,False
案例-74,张丽,当然有了！我们已经拥有很多成功的合作伙伴，他们通过加入我们团队，不仅改善了自己的肌肤，还实现了财务自由。你只需要相信我们，跟随我们的步骤，一定会取得成功的！,True
案例-74,王健,听你这么说，我确实很有信心。那我应该怎样付款和注册呢？,False
案例-74,张丽,付款和注册都非常方便。你可以使用支付宝、微信或者银行转账等方式支付入门费用，并向我提供相关信息进行注册。我会给你详细指导，确保你顺利加入我们团队。,True
案例-74,王健,好的，我明白了。我会按照你的指导进行操作的。,False
案例-74,张丽,太好了！你做出了明智的选择。我会尽快给你发送付款和注册的具体信息，请查收。欢迎加入我们团队，相信你一定会取得巨大成功的！,True
案例-74,王健,谢谢张丽！我会努力的。,False
案例-75,诈骗者李华,嗨，你好！我是李华，我在这里组织一个非常好的商机，想要加入吗？,True
案例-75,受害者王明,你好，可以告诉我具体是什么商机吗？,False
案例-75,诈骗者李华,当然可以了！这是一个非常高回报的投资项目，只需要你交一笔入门费用，然后就可以享受到巨大的回报。,True
案例-75,受害者王明,入门费用是多少呢？回报有什么保障吗？,False
案例-75,诈骗者李华,入门费用是10000元，回报是按照你的投资额度来计算的，保障非常可靠，绝对不会让你失望。,True
案例-75,受害者王明,听起来挺有吸引力的，我要考虑一下。,False
案例-75,诈骗者李华,好的，你可以考虑一下，我可以给你一些成功案例供你参考，这样你就能更好地了解这个商机的优势了。,True
案例-75,受害者王明,那好吧，给我一些案例看看。,False
案例-75,诈骗者李华,没问题，我给你发一份资料，你好好看一下。我相信你会对这个商机产生浓厚的兴趣的。,True
案例-76,李明,大家好，我是李明，我是一名虚拟货币的投资专家，今天我想和大家介绍一种叫做亚欧币的虚拟数字货币。,False
案例-76,王晓,听说亚欧币很火爆，能告诉我具体是怎么回事吗？,False
案例-76,李明,当然可以。亚欧币是一种全新的虚拟数字货币，它基于最新的区块链技术开发而成，具有非常高的安全性和去中心化特点。这意味着亚欧币不会受到政府政策和市场波动的影响，是非常稳定的投资品。,False
案例-76,刘涛,听起来不错，我可以投资吗？,False
案例-76,李明,当然可以！亚欧币的投资门槛非常低，您只需要花五毛钱买入，不到一年时间就能涨到五倍多！这是一个非常有利可图的投资机会。,True
案例-76,张敏,真的吗？那太厉害了！,False
案例-76,李明,是的，这是亚欧币的特别之处。并且，我们的团队也非常专业，会为您提供一对一的投资指导和帮助，确保您能够获得最大的投资回报。,False
案例-76,王晓,听起来很靠谱，我想参加投资。,False
案例-76,李明,太好了！您只需要先充值一定的人民币到我们的交易平台，然后按照指导买入亚欧币即可。我们会在短时间内将您的投资利润返还到您的账户。,True
案例-76,刘涛,这听起来很简单，我准备充值了。,False
案例-76,李明,非常好！我们的交易平台已经和各大银行合作，资金安全有保障。您可以通过银行转账或者第三方支付平台充值。,False
案例-76,张敏,那请问如何提现呢？,False
案例-76,李明,提现非常简单，只需要将亚欧币卖出并兑换成人民币，然后选择合适的提现方式即可。,False
案例-76,王晓,听起来很不错，我准备投资一下试试。,False
案例-76,李明,非常好！投资亚欧币是您财富增长的捷径，相信您不会后悔的。,False
案例-77,张明,大家好，我是平台的创始人张明，欢迎来到我们的会员团队！,False
案例-77,王晓,你好，张明。听说你们平台可以获得巨大收益是真的吗？,False
案例-77,张明,当然是真的！我们的平台采用了先进的经济科技手段，确保会员能够获得巨大的回报。,False
案例-77,刘涛,那这个收益是怎么来的，能解释一下吗？,False
案例-77,张明,当然可以！我们的平台是基于全球资本市场和区块链技术，通过高频量化交易和投资理财来实现绝对收益。,False
案例-77,王晓,听起来很厉害啊！那缴纳1万元的会费有什么保障吗？,False
案例-77,张明,会费是用于支持我们的平台运营和投资项目，我们有一系列的保障措施来确保会员的利益和资金安全。,False
案例-77,刘涛,那我每介绍一个会员入会，能获得奖励吗？,False
案例-77,张明,是的！我们鼓励会员们介绍更多的人加入我们的团队，作为回报，每次成功介绍一个会员入会，您将获得丰厚的奖励。,False
案例-77,王晓,听起来很不错！我想加入你们的团队。,False
案例-77,刘涛,我也是，听说你们的收益很高，我想试试。,False
案例-77,张明,太好了！欢迎你们的加入！我们会为你们提供一对一的指导和支持，助你们实现财务自由！,False
案例-78,受害者1,我听说了一个很厉害的生意，可以让我们轻松赚钱。,False
案例-78,受害者2,是吗？具体是什么生意呢？,False
案例-78,诈骗者1,我在福建成立了一家农业科技公司，我们主要研发一种叫做牛樟芝的真菌。,True
案例-78,诈骗者1,牛樟芝非常神奇，具有解毒保肝、抗癌、强化免疫等功效。,True
案例-78,受害者1,听起来不错，那我们怎么参与进来呢？,False
案例-78,诈骗者1,很简单，你们只需要买一根10公斤左右的牛樟芝椴木，每周浇水，2年后就能长出成熟的牛樟芝。,True
案例-78,受害者2,这种木头售价是多少呢？,False
案例-78,诈骗者1,每根木头售价2万元，2年后我们会回购木头。,True
案例-78,受害者1,听起来不错，还可以回收本金。,False
案例-78,诈骗者1,是的，而且我们还会每周给你们发放218元的培植劳务费。,True
案例-79,受害者A,嗨，我在网上看到一个兼职广告，说是可以刷单赚钱，想试试看能不能赚点小钱。,False
案例-79,诈骗者A,你好，欢迎加入我们的团队！刷单确实是一个不错的兼职方式，我可以教你怎么操作。,True
案例-79,受害者A,太好了！那我该怎么开始呢？,False
案例-79,诈骗者A,首先你需要下载一个APP，叫做“驴友”。然后通过这个APP完成一些任务，就可以获得相应的报酬。,True
案例-79,受害者A,这个APP靠什么赚钱的？,False
案例-79,诈骗者A,这个APP是一个虚拟旅游产品的充值平台，每次充值都会有返利。而且如果你能邀请更多的朋友加入，你还能获得额外的返利。,True
案例-79,受害者A,听起来挺不错的！我先下载APP试试看。,False
案例-79,诈骗者A,非常好！你下载好后，我会给你发送一个注册码，然后你就可以开始充值了。,True
案例-79,受害者A,好的，我等着你的注册码。,False
案例-79,诈骗者A,注册码已经发送给你了，请你按照指引完成注册，然后开始充值吧。,True
案例-79,受害者A,好的，我会尽快完成注册。谢谢你的帮助！,False
案例-79,诈骗者A,不客气！如果你在操作过程中遇到任何问题，都可以随时问我。,True
案例-79,受害者A,好的，我一定会向你请教的。再次感谢！,False
案例-80,小明,嘿，你好久不见了，最近工作怎么样？,False
案例-80,小红,嗯，还好，有些焦虑啊，压力挺大的。,False
案例-80,小明,是吗？我最近有个项目，太忙了，想找个兼职帮帮忙，你有兴趣吗？,True
案例-80,小红,哦，是吗？你觉得我适合吗？,False
案例-80,小明,当然适合啊！你很适合做销售的，而且挣的也不少。,True
案例-80,小红,好吧，我试一试。,False
案例-80,小明,太好了！我帮你注册一个微信号，我们用那个号专门做这个项目。,True
案例-80,小红,好的，谢谢你。,False
案例-80,小明,别客气！我们在微信上卖些产品，拿几百块钱是没问题的。,True
案例-80,小红,这么好啊！那我们什么时候开始啊？,False
案例-80,小明,等我把群建好，我们就可以开始卖了。,True
案例-80,小红,行，等你的消息。,False
案例-80,小明,嘿，好消息！我把你加入了我们的微信群。,True
案例-80,小红,太好了，我进去看看。,False
案例-80,小明,在群里，你会听到很多成功案例和赚钱经验。,True
案例-80,小红,这些成功的经历真的很有启发性。,False
案例-80,小明,对吧！所以，我们继续做，很快也会赚到更多的钱。,True
案例-80,小红,好的，我会努力的。,False
案例-80,小明,你做得很好，我觉得你有能力进一步发展。,True
案例-80,小红,真的吗？我会继续努力的。,False
案例-80,小明,非常好！我会给你更多的资源和支持。,True
案例-80,小红,太谢谢你了，我会珍惜的。,False
案例-80,小明,你是一个有天赋的销售人员，我们要一起创造更好的未来。,True
案例-80,小红,是的，我会努力的。,False
案例-80,小明,如果你想进一步发展，你需要投入更多的资金。,True
案例-80,小红,资金多少？,False
案例-80,小明,大概需要几万块钱，这是一个很好的机会。,True
案例-80,小红,这样啊，我会考虑一下。,False
案例-80,小明,就把你的房产抵押出来，你可以得到更高的回报。,True
案例-80,小红,这样真的好吗？会不会有风险？,False
案例-80,小明,风险永远伴随着机会，但只有敢于冒险的人才能成功。,True
案例-80,小红,你说得有道理，我会考虑的。,False
案例-80,小明,非常好！你是一个勇敢的人，这样一来，你在销售和回报方面都会取得更大的成功。,True
案例-80,小红,谢谢你的信任，我会努力的。,False
案例-80,小明,你是一个非常优秀的销售代表，我们要一起开创未来。,True
案例-80,小红,是的，我会全力以赴。,False
案例-80,小明,太棒了！祝你在这个机会中取得巨大的成功。,True
案例-80,小红,谢谢你的祝福，我一定会努力的。,False
案例-80,小明,现在，你已经成为我们团队的一员了。,True
案例-80,小红,太好了！我会为团队贡献我的力量。,False
案例-80,小明,很高兴你能加入！我们一起创造更好的未来。,True
案例-81,李先生,嗨，是你吗？我是李先生。,False
案例-81,诈骗者,嗨，是的，我就是。,True
案例-81,李先生,很高兴认识你。我们是不是可以聊聊天？,False
案例-81,诈骗者,当然可以。我也希望找个可以信任的人聊聊天。,True
案例-81,李先生,我看了你的照片，你长得非常漂亮。,False
案例-81,诈骗者,谢谢夸奖，你也很帅气。,True
案例-81,李先生,我们可以发照片互相了解一下吗？,False
案例-81,诈骗者,当然可以，这是我的生活照片。,True
案例-81,李先生,你真的很美！我们可以在微信上继续聊天吗？,False
案例-81,诈骗者,当然可以，我也想和你继续亲密无间地交流。,True
案例-81,李先生,好的，我已经加你为好友了。,False
案例-81,诈骗者,我看到了，我们可以开始聊天了。,True
案例-81,李先生,你过得好吗？有没有什么困难？,False
案例-81,诈骗者,其实我最近确实有些困难，我被狗咬了，需要打狂犬疫苗，但是我手头有些钱不够。,True
案例-81,李先生,那你需要多少钱？我可以帮你一下。,False
案例-81,诈骗者,我还需要1000元，能借给我吗？,True
案例-81,李先生,当然可以，我会马上给你转账。,False
案例-81,诈骗者,太感谢了，你真是个好人。我会好好照顾自己的。,True
案例-81,李先生,我相信你，我们现在的感情越来越深了。,False
案例-81,诈骗者,是的，我也越来越喜欢你了。,True
案例-81,李先生,如果以后有什么困难，一定要告诉我，我们要相互帮助。,False
案例-81,诈骗者,我会的，我们是永远的伴侣。,True
案例-81,李先生,我们什么时候见面？我很想见到你。,False
案例-81,诈骗者,我也很想见到你，我们计划在南京见面，你觉得怎么样？,True
案例-81,李先生,南京不错，我可以提前安排好行程。,False
案例-81,诈骗者,好的，那就这样定了。我们一起去旅游怎么样？,True
案例-81,李先生,太好了，我会准备好一切。,False
案例-81,诈骗者,非常期待见到你，我们的未来一定会很美好。,True
案例-82,张伟,大家好，我是张伟，我最近加入了一个新的商业项目，听说可以通过发展下线赚取高额回报。,True
案例-82,李娜,张伟，听你说的好像是个很不错的机会，但是我怎么没听说过这个项目呢？,False
案例-82,张伟,嗯，这个项目是比较新的，可能你还没听说过。但是我可以跟你详细介绍一下，你有多少个下线会员的话，你就可以获得相应的回报。,True
案例-82,李娜,听起来确实很有诱惑力，但是我还是有些疑问。这个项目的合法性和可靠性如何？,False
案例-82,张伟,这个项目是经过合法注册的，而且我们有一整套完善的制度和规则，保证了每个会员的权益。,True
案例-82,李娜,哦，这样啊。那我还需要投入多少资金才能开始赚钱呢？,False
案例-82,张伟,投入的资金并不是很多，只需要一点点就可以了，你可以根据你的实际情况来决定。,True
案例-82,李娜,嗯，听你这么说，我有些心动了。不过，我还是想再考虑一下，需要了解更多细节。,False
案例-82,张伟,没问题，我们可以安排一个线上会议，我详细给你解释一下这个项目的运作方式和收益规则。,True
案例-83,杨某,我现在很后悔，我是2017年加入传销组织的，当时是被人骗进去的。2019年我升为老总后就连忙逃回老家，但一直担惊受怕。,False
案例-83,菊某,我骗的都是我的亲戚、朋友。我当初也是东拼西凑，还借了上线的钱才勉强凑够入会费。后来我曾想退出，上线告诉我必须拉了新人进来才能退出。,False
案例-84,张琳,你知道吗？这是一个国家项目，投资69800元就能赚到1040万元。,True
案例-84,刘美华,真的吗？这么高的回报率是不是太夸张了？,False
案例-84,张琳,当然是真的了，我又不会骗你。你想想，你在外打工也挺辛苦的，有了这个项目可以改变你的生活。,True
案例-84,刘美华,嗯，确实是这样。那我要加入，怎么操作呢？,False
案例-84,张琳,很简单，你只需要投资69800元，再邀请三个亲朋好友加入，我们就可以开始赚钱了。,True
案例-84,刘美华,好的，我明天就准备好钱，开始加入。,False
案例-84,张琳,太好了，你做出了明智的选择。加入以后，你可以发展三个下线，他们发展三个下线，你就可以晋升为老总。,True
案例-84,刘美华,嗯，我明白了。那我需要学习什么技巧来发展下线呢？,False
案例-84,张琳,我们会给你严格的培训，教你各种诱骗他人的手段，比如谎言邀约、激励与造梦、引导劝说等等。,True
案例-84,刘美华,这听起来有点不太道德啊。,False
案例-84,张琳,别想太多，这是为了帮助我们的团队更快地发展，实现共同的财富梦想。,True
案例-84,刘美华,好吧，我相信你。我会努力发展下线的。,False
案例-85,受害者甲,我听说最近有个投资项目很赚钱，想了解一下。,False
案例-85,诈骗者张某,是的，这个项目确实非常赚钱。我们是一家专业的投资公司，提供高回报的投资机会。,True
案例-85,受害者甲,听说这个项目是关于虚拟货币的，我对虚拟货币不太了解。,False
案例-85,诈骗者张某,虚拟货币是未来的趋势，投资其中可以获得丰厚的回报。我们公司专门研究虚拟货币市场，具有丰富的经验和技术。,True
案例-85,受害者甲,确实很诱人，但我还是有些担心，毕竟涉及到投资风险。,False
案例-85,诈骗者张某,我们的投资风险是非常低的，因为我们有一套完善的风控系统，并与多家银行合作。您的投资将得到保障。,True
案例-85,受害者甲,那还是挺安全的。请问我需要怎么操作才能参与这个项目？,False
案例-85,诈骗者张某,首先您需要支付一笔入门费用，这是为了激活您的账户。然后我们会提供给您投资的具体方案，您只需要按照我们的指引进行操作即可。,True
案例-86,小秦,进来一些朋友说引进他的朋友，后面我才发现是1040的传销的。,False
案例-86,小秦,因为他第一天的时候，就拉我进去，给我介绍一些他的朋友，都是讲什么投资69800，什么2到3年挣到1040万回报率，这也太高了，明显不现实。,True
案例-86,小秦,八点多就叫我起床，9点半的时候就去串门，然后他们会然后提前约好，到每栋楼下，确认安全以后，然后他们就按门进去，我窜了至少二十几家，算我见到的，就已经至少有一百多个人。,False
案例-86,小秦,当时市民之家这些规划馆，它里面有一堵墙，上面就有连锁经营四个字，就是利用市民之家，对新来的人洗脑。,False
案例-87,华亮,昨天我登录了Token better交易所，发现我的账户里的币都突然不见了，服务器也关闭了。,False
案例-87,胡金华,那你联系了平台客服吗？看看他们是否能解释这个问题。,False
案例-87,华亮,我联系了微信群里的客服，但他们完全不回应我的提币请求。,False
案例-87,胡金华,看来这个平台可能已经彻底关闭了，你有没有联系其他投资者看看他们的情况？,False
案例-87,华亮,是的，我联系了一些其他投资者，他们也遇到了同样的情况。我们都没有来得及将币转出去。,False
案例-87,胡金华,这听起来确实很严重，我会继续跟进这个事件。还有其他平台被查的消息吗？,False
案例-87,华亮,我听说还有一个名为数字货币头寸的项目也被曝涉嫌传销了，投资人遍布全国，涉案金额达到数十亿。,False
案例-87,胡金华,这样的案件真是越来越多了，我们必须警惕这些新型传销行为。,False
案例-87,华亮,是的，这些诈骗案件对经济发展产生了很大的影响。希望相关部门能加大打击力度，保护投资人的利益。,False
案例-89,王良妙,大家好，我是沃客理财的创始人王良妙。我很高兴能和大家分享沃客理财的投资机会。,False
案例-89,投资者1,王先生，您好。我听说沃客理财可以在短时间内获得高额的收益，是真的吗？,False
案例-89,王良妙,是的，我们的理财平台是一个集互联网金融理财优点于一身的创新平台。通过投资我们发行的虚拟货币CPM，您可以获得丰厚的静态收益。,False
案例-89,投资者2,请问静态收益是如何运作的？我想了解一下。,False
案例-89,王良妙,当您成为会员后，我们会根据您的缴纳金额给予您相应的K币。您可以通过使用K币购买我们发行的虚拟货币CPM，而CPM的价格会随着会员的增加而上涨。当价格上涨到一定程度时，我们会进行拆分，使您的CPM数量倍增，然后您可以把CPM出售换取现金。这样，您就能获得丰厚的收益。,False
案例-89,投资者3,听起来很不错。我可以以低投入开始，然后逐渐增加投资金额吗？,False
案例-89,王良妙,当然可以。您可以从低额投资开始，逐渐增加投资金额。我们的平台为不同规模的投资者提供了不同的会员级别，您可以随着投资金额的增加升级您的会员级别，从而获得更高比例的动态收益。,False
案例-89,投资者1,那动态收益是如何计算的呢？,False
案例-89,王良妙,动态收益是通过发展下线会员来获得的佣金。不同会员级别的抽成比例不同，而且抽成方式也多样化。比如推荐奖、对碰奖、领导奖、商务中心奖等。您可以根据自身的实际情况选择参与哪些抽成方式。,False
案例-89,投资者2,听起来很有吸引力。我想了解一下您的团队是否稳定？,False
案例-89,王良妙,我们的团队非常稳定并且发展迅速。自2015年开始创立沃客理财以来，我们已经在全国范围内发展了35万名会员，涉及31个省份以及国外的菲律宾、新加坡等地。,False
案例-89,投资者3,听说您在近期进行了推介会，是吗？,False
案例-89,王良妙,是的。我们在一家五星级酒店举办了盛大的推介会，向全国各地会员代表、新闻媒体以及互联网专家展示了沃客理财的优势和前景。在推介会上，我们宣传了沃客生活信息网的上线信息，并对会员的增长前景进行了详细解释。,False
案例-89,投资者1,听说您的团队成员通过投资获利数百万元至数千万元，这是真的吗？,False
案例-89,王良妙,是的，我们的团队成员通过投资获利数额巨大。他们在短时间内获得了高额的收益，甚至有的人用收益买了百万元的豪车，在厦门等地购买了房产。这充分证明了我们平台的可靠性和赚钱能力。,False
案例-89,投资者2,听起来很诱人。我想加入沃客理财，投资一些资金看看。请问如何操作？,False
案例-89,王良妙,非常简单。您只需要找到一个老会员进行推荐，然后缴纳一定的费用购买激活币成为会员。根据您的缴纳金额，您将得到一定数量的K币。然后，您可以使用K币购买我们的虚拟货币CPM，并开始享受投资的乐趣和收益。,False
案例-89,投资者3,好的，我决定加入了。请问怎样才能取得更高的收益？,False
案例-89,王良妙,非常好的决定！要获得更高的收益，您可以逐步增加投资金额，升级您的会员级别。同时，您也可以积极发展下线会员，通过他们的投资和活跃来获得更多的动态收益。大家一起努力，我们将共同创造更好的未来。,False
案例-90,小明,我有一个产品，你买不买？现在我们公司业务发展很快，需要招人，你来不来应聘？入职我们员工要接受一下产品培训和我们的销售制度，你学不学？另外我们发展新用户，需要你先让你身边的人购买，你愿意吗？,True
案例-90,小红,真的吗？这听起来很棒啊，我可以赚到很多钱吗？,False
案例-90,小明,当然了，我们公司的业务发展非常快，成为我们的一员必然会获得很多机会赚钱。,True
案例-90,小红,那我需要投入多少资金呢？,False
案例-90,小明,只需要购买一些产品，然后将你的朋友也介绍给我们，一起赚钱。,True
案例-90,小红,但是我不太懂推销，能学吗？,False
案例-90,小明,当然可以，我们有专门的培训课程教你如何推销和经营业务。,True
案例-90,小红,听起来不错，我可以先试试吗？,False
案例-91,杨丽,大家好，我是杨丽，我们开展的项目是一个全新的事业，是国家支持并暗中扶持的。现在所做的工作赚的钱是国家政策的钱，国家政策放到哪里，哪里就能迅速发展，同时也充满商机。就像改革开放的政策在深圳一样，政策到哪里，哪里地方就生机勃勃、发达繁荣。,True
案例-91,王平,杨丽说得对，我们的项目是国家政策性项目，是受国家政府支持的新兴行业。我们一直在努力与传销本身划清界线，把自己说成是合法的“新生事物”。 ,True
案例-91,刘芳,确实，我们这项事业是有着伟大的使命的。我们不仅解决了五大人群的就业问题，还能够撬动民间闲散资金，促进货币流通，并带动地方经济发展。我们培养了一批有胆识、有能力、有素质的现代化商人。大家想象一下，只需要花2到3年的时间，就能够赚到数百万甚至上千万的财富。,True
案例-91,陈文,是啊，我们的项目回报率非常高，投入3800元，两年回报3800000元。这绝对不是天上掉馅饼，我们曾经有很多成功的案例，他们都成了百万富翁。,True
案例-92,陈女士,这个平台的人介绍，与传统拼团平台不同，‘曹操拼’能帮助那些贫困农户把产品推销出去，你通过拼单买了产品，他就能够给你返利。这个平台必须先充值，才能参与拼团。比如，你在100元区参与拼团，拼满十单可以返90%，也就是说你充值1000块钱，它就能够给你返900元。,False
案例-92,张先生,助农扶贫嘛，当时就是说政府有扶持，是一个赚钱又赚货的平台。他们说这个货我们可以拿出去卖钱，可以去58同城等平台上面去卖。另外一个吸引我的点是什么呢？平台是刚刚开始的，它就有一个推广红利期，每推广给一个人，你就可以拿下面的分成。随便你推广多少个人，你推广100个人，那你一天能收入2400元。然后还有级别，一共有6个级别，v1到v6。只要我上了级别，可以不管团队下面有多少人，所有拼单的都跟我有关系。,False
案例-92,张先生,让你永远停留在第9单，让你不中第10单，不中10单就没有返利，钱就提不到，当时我们所有人都面临这个问题。到了8月中旬，陆陆续续就收不到货了，我们就开始提现，发现也不能提现了。我们也找公司，反正各种理由拖延我们，然后国庆节一过完，公司整个就搬走了。,False
案例-93,张某,你好，欢迎大家参加今天的培训！我是张某，我负责向大家介绍我们的投资项目。,False
案例-93,王某,大家好！我是王某，我要给大家详细介绍一下我们的ELG智能合约项目。,False
案例-93,吴某,ELG智能合约项目非常安全可靠，具有高收益和复利性。大家可以放心投资。,True
案例-93,李某,没错，ELG智能合约项目是永远不会崩盘的，你们可以把钱投资进去。,True
案例-93,张某,投资我们的项目可以获得层级不等的加入资格，还能获得多种返利。,True
案例-93,王某,是的，我们会按照你们的投入金额和发展人员数量来计算返利。,True
案例-93,吴某,通过发展更多的人参与，你可以获得更多的返利，这是一个很好的机会。,True
案例-93,李某,没错，这个项目非常有潜力，你们一定不能错过。,True
案例-94,张晓慧,大家好，我是张晓慧，今天非常高兴见到各位。我最近参加了一个非常有趣的项目，可以帮助大家实现财务自由。我想分享给大家这个机会，我相信你们也会被吸引的。,False
案例-94,王伟,哇，张晓慧，看起来你最近过得挺好的嘛。你说的这个项目是什么呀？,False
案例-94,张晓慧,是的，确实挺不错的。这个项目是一个投资机会，我们可以通过投资来获取高额回报。只需要一点资金就可以进入，而且回报相当可观。,True
案例-94,刘磊,听起来挺有吸引力的呀。具体怎么操作？,False
案例-94,张晓慧,操作很简单，只需要将一定的资金缴纳给我们，然后我会将你们加入我们的投资团队，我们会通过投资来获取回报。回报会按照一定比例进行分配，你们的收益会相当可观。,True
案例-94,王伟,听起来好像是个很好的机会呢！我也想参加。请问需要交多少费用呢？,False
案例-94,张晓慧,参加的费用很低，只需要交纳一定的入门费就可以了。而且我们的管理费也很合理，每一笔交易只需要支付一小部分的费用。,True
案例-94,刘磊,那具体的盈利方式和回报率是怎样的呢？,False
案例-94,张晓慧,我们的盈利方式主要是依靠投资，通过投资来获取回报。回报率非常高，可以达到每月30%甚至更高。而且我们还会提供不同的报酬计划，根据你的投资金额和业绩，你可以得到相应的奖励。,True
案例-94,王伟,听起来太好了！那我应该怎么加入呢？,False
案例-94,张晓慧,很简单，你只需要向我缴纳入门费和管理费，然后填写一份表格，我们会将你加入到投资团队中。之后，你就可以享受到高额回报了。,True
案例-94,刘磊,听起来不错啊！我也想加入。,False
案例-94,张晓慧,非常好！你做出了明智的选择。只要你加入我们的团队，你就会拥有财务自由的未来。,False
案例-95,受害者,嗨，好久不见啊，怎么最近才想起给我打电话？,False
案例-95,诈骗者,是啊，真是太久没有联系了，最近我在外面发展了一个很好的赚钱项目，可以跟你分享一下，你有兴趣听听吗？,True
案例-95,受害者,哇，听起来不错啊，可以告诉我具体是做什么的吗？,False
案例-95,诈骗者,哦，这个项目是一个连锁经营的平台，可以让你投资一些资金，然后通过运营该平台来获得利润，赚取不少钱的哦。,True
案例-95,受害者,听起来好像挺有前途的，可是我要投入多少资金呢？,False
案例-95,诈骗者,你只需要投入一定的资金，比如六千块钱就可以了，投入的越多，收益也就越高。,True
案例-95,受害者,那这个项目可靠吗？有没有风险？,False
案例-95,诈骗者,当然可靠啦，我们是以1040工程为名进行纯资本运作的，非常合法合规，绝对没有风险。,True
案例-95,受害者,那你们的办公地址在哪里呢？,False
案例-95,诈骗者,我们的办公地址在欠发达城市，这样成本相对较低，也有更多的发展机会。,True
案例-95,受害者,那我们见面了吧，你带我去你们公司看看。,False
案例-95,诈骗者,好的，我带你去我们公司，不过地方比较偏远，要稍微走一段路程。,True
案例-95,受害者,没关系，我相信你。,False
案例-95,诈骗者,谢谢你的信任，不过在我们到达公司之前，我需要你打个电话给你的家人，告诉他们你平安。,True
案例-95,受害者,为什么要打电话给家人呢？,False
案例-95,诈骗者,这是我们公司的规定，为了保证安全，你打完电话后，让我把你的通讯工具收起来，以免你跟外界联系和报警。,True
案例-95,受害者,哦，原来如此，是我多想了。,False
案例-95,诈骗者,没关系，大家都会担心自己的安全。到了公司之后，你会发现我们公司的环境很特殊，房间里没有电视、收音机，这是为了给你洗脑时不受干扰。,True
案例-95,受害者,哦，我明白了。,False
案例-96,江士才,我想通过媒体正式告诉所有从事这个生意的人，这个生意彻头彻尾分钱游戏，本质就是个骗局。有人或许能挣到钱，但是这是个昧良心的钱。,False
案例-96,江士才,我想通过媒体正式告诉所有从事这个生意的人，这个生意彻头彻尾分钱游戏，本质就是个骗局。有人或许能挣到钱，但是这是个昧良心的钱。,False
案例-96,江士才,我想通过媒体正式告诉所有从事这个生意的人，这个生意彻头彻尾分钱游戏，本质就是个骗局。有人或许能挣到钱，但是这是个昧良心的钱。,False
案例-97,李先生,你在哪里？我们的见面时间快到了。,False
案例-97,诈骗者,我已经到南京了，但我发现我忘记带钱了，能借点钱给我吗？,True
案例-97,李先生,啊，那你在南京没有朋友吗？为什么不提前准备好呢？,False
案例-97,诈骗者,我其实是刚从贵州来的，还没有来得及结识朋友。所以，能不能借给我点钱呢？,True
案例-97,李先生,好吧，我可以借给你一些钱。你需要多少？,False
案例-97,诈骗者,能借我5000元吗？我马上就还给你。,True
案例-97,李先生,哇，5000元还挺多的。那么怎么办呢？,False
案例-97,诈骗者,你可以用微信转账给我，我马上就能收到。,True
案例-97,李先生,好吧，我给你转账。别忘了及时还给我。,False
案例-98,小贺,刚开始说的是，三到四个月就可以回本了，时间很短，你放心，没有任何风险，公司在香港是一个非常高大上的公司，它的母公司在美国，叫洲际联盟资本。,True
案例-98,小贺,刚开始，小贺半信半疑，因为同学的关系，投资了两万元，买入的平台中的股票，价格一直在涨。,False
案例-98,小贺,过了一个月，同学组织去香港观摩了公司的开业仪式，之后又组织了出国考察，去了柬埔寨，去了马来西亚，看到很多明星，很多所谓的政府要员。高大上的国外考察，让小贺开始深信不疑，老婆贷款了40多万元，投入了行动派，刚开始，会员不断加入，股票不断上涨，自己也赚了些钱，于是他们也推荐亲朋好友加入，但等到去年下半年，股票却涨不动了，钱也提不出来。,False
案例-98,小贺,我们找过她好几次，她每次态度都很不耐烦，说投资都是有风险的。,False
案例-98,小贺,2018年8月，同学告诉小贺，平台的新会员跟不上，钱也提不出来，不过现在又有一个叫做GFX的区块链项目，过段时间就会上市，现在买的话，收益会非常高。,True
案例-98,小贺,我就投入7万元，她说一年三倍起步，甚至五倍八倍十倍都有可能，那我想三倍的话，我把房贷还掉，也可以轻松一点。,True
案例-98,小贺,2018年11月，GFX在某交易所上市，但是等到了约定取得回报的今年2月，钱还是没有见到。之后，同学又引导小贺，在支付链中投入7万元，原本说可以解锁原来的钱，但又一次有去无回。小贺前前后后投入五六十万，最后拿回了约40万元，但更多亲戚朋友的钱，总共80多万元，不仅没有收益，本金都没了。,True
案例-98,小娟,我们去贷了款，贷了20多万元。,False
案例-98,小君,利息越滚越多，导致人家夫妻俩离婚的也有，卖房子的也有。,False
案例-98,小贺,表面工作做得非常好，我们到现在醒悟了之后，发现所有东西全都是假的。,False
案例-98,黄荣,新的资金进场，因为我们平台只有一只股票，这些资金进场，只能买这只股票，买的人多了，会推动股价的上涨，那这就是最基本的原理。,True
案例-98,黄荣,有了动态市场（发展下线），才会有静态（收益），没有动态推广，股价不上涨，所有的静态是没有办法有收益的，只有股价的上涨，才会推动静态账户的收益。,True
案例-98,杨毅,承诺投资人高额的收益，打着资本运作旗号，其实它的本质还是一种传销，只不过这种传销行为，比较创新。但从实质上来讲，它还是一种金字塔式的传销行为，它是通过上线去拉各种的下线实现盈利。,True
案例-98,杨威威,21万元人民币，你就有资格加入这个俱乐部，你就有资格来购买资本生态圈了，而这些项目，外面普通人是买不到的，除非你有一定的关系。,True
案例-98,小贺,所谓的健康直销产业，骗的都是一些退休六十、七十、八十岁的老人，他们把几百块钱的一个产品，卖到几千多块钱。,False
案例-98,童军,到时候我会给每个会员一封公开信，告诉这件事情是哪几个人挑起的，我也让那些被你所害的会员，那些投资人，都去找你们，你除非从地球上消失。,True
案例-98,小张,我是2018年1月投进去，五月份找她们要钱，她们八月份把我的账号给封了。,True
案例-99,受害者1,听说只要投资69800元并发展下家，就有1040万元的收益，你们是不是有这个项目？,False
案例-99,诈骗者1,是的，你听说得没错。我们有一个非常好的投资项目，确实可以获得如此高额的回报。,True
案例-99,受害者2,这听起来太不可思议了，你能具体解释一下吗？,False
案例-99,诈骗者1,当然可以。我们的项目是基于国家和政府的支持，采用了一种先进的投资策略，所以才能保证如此高回报。你只需要投资69800元，然后通过发展下家，就可以获得1040万元的收益。,True
案例-99,受害者3,这听起来很诱人，但是这样的回报是否真实可信呢？我需要一些证据来支持你们的说法。,False
案例-99,诈骗者1,当然真实可信！我们有完整的投资方案，并有专业团队对项目进行管理和运营。你投资后，我们会提供详细的回报记录和证明，让你放心。,True
案例-99,受害者4,好吧，我有点动心了。但是我还需要时间考虑一下，可以吗？,False
案例-99,诈骗者1,当然可以。你可以先了解一下我们的项目，如果有任何问题，随时向我咨询。不过需要注意的是，名额有限，错过了就没机会了。,True
案例-99,受害者5,我还是觉得有点不放心，可以给我一些投资人的联系方式吗？我想先了解一下他们的经验和感受。,False
案例-99,诈骗者1,很抱歉，由于保护客户隐私，我们不能提供投资人的联系方式。但是我们可以安排你参观我们的办公室，你可以与我们的专业团队面谈，了解更多信息。,True
案例-99,受害者6,那行吧，我考虑一下时间，然后联系你。,False
案例-99,诈骗者1,好的，我会等你的消息。不过记得，名额有限，机会稍纵即逝。,True
案例-100,李鬼公司,同学，你好！很高兴收到你的简历。我们是一家名叫北京科蓝公司的知名企业，目前正急需招聘优秀的大学生，你的简历正好符合我们的要求。公司的发展前景非常好，我们的产品非常畅销，工资待遇也非常优厚。如果你对这个职位感兴趣，我们可以进一步了解一下。,True
案例-100,李文星的朋友,谢谢你的回复。请问可以告诉我一下具体的职位信息和工作内容吗？我想对这个职位有更详细的了解。,False
案例-100,李鬼公司,当然可以！我们是一家专业的销售公司，主要销售的是蝶贝蕾的产品。作为销售人员，你将负责拓展客户资源，给客户介绍我们公司的产品，并进行销售。我们会提供专业的培训和支持，帮助你成为一名优秀的销售人员。,True
案例-100,李文星的朋友,听起来还不错。但是，我还是有一些疑问。蝶贝蕾是什么产品？你们公司的具体业务模式是怎样的？,False
案例-100,李鬼公司,蝶贝蕾是一种非常独特的产品，采用全天然材料制作而成，对人体非常有益。我们的业务模式是直销，也就是通过直接向客户销售产品来获取利润。我们的公司经过多年的发展，已经建立了稳定的售后服务体系和客户群体，你只需要按照我们的方法去进行销售，就可以赚取丰厚的利润。,True
案例-100,李文星的朋友,听起来挺不错的。但我还是需要考虑一下，需要和家人商量一下。我会尽快给你答复的。,False
案例-100,李鬼公司,好的，我理解。但请你考虑一下时间，因为我们的名额有限，可能会很快被其他人占满。如果你有任何其他的问题或需要进一步了解，都可以随时联系我。,True
案例-101,小明,听说最近有一种新的投资方式，叫做数字货币，非常赚钱，你听说过吗？,False
案例-101,小红,没有听说过，能不能给我讲一下？,False
案例-101,小明,数字货币就是一种新型的虚拟货币，类似于比特币，但价格波动更大，所以投资回报也更高。,False
案例-101,小红,那怎么投资呢？,False
案例-101,小明,很简单，你只需要注册一个账号，然后购买数字货币，等待它涨价后再卖出就能获得利润。,False
案例-101,小红,听起来好像很简单，但是我也听说过一些投资的风险，怎么保证自己的资金不会亏损呢？,False
案例-101,小明,你不用担心，我们有一个很先进的交易平台，可以实时监控市场行情，并提供投资建议，你只需要按照我们的指导操作就可以了。,False
案例-101,小红,哦，那听起来还不错。不过，我看新闻上有报道说有些交易平台是假的，会骗取投资者的钱。,False
案例-101,小明,那都是些不正规的平台，我们的交易平台是经过监管机构认证的，绝对可靠。,False
案例-101,小红,这样啊，听你这么说，我也有点心动了，我可以试试投资一点点吗？,False
案例-101,小明,当然可以，你可以先试着投资一小笔资金，看看效果如何，如果满意的话可以继续投资。,False
案例-101,小红,好的，我会试一试，希望能够赚到钱。,False
案例-102,张丽,你看，我之前也过着如何拮据的生活，没有收入来源，只能靠丈夫赚钱，是多么的卑微，我也是怎么在家庭生活中被忽视的。我加入了这个组织后，从负债几十万到现在坐拥豪车，让所有亲戚朋友从一开始的极力反对到现在的跪舔，结尾通通都是感谢组织，让我身价亿万，也走上了人生巅峰。,True
案例-102,李娟,你说的真好啊，你的经历真的很励志，我也希望能像你一样改变自己的人生。,False
案例-102,张丽,没错，只要你死心塌地地跟着我们干，你也能享受到这样的成功。你知道吗，我也曾经和你一样迷茫，但是后来参加了这个会议，听了这么多成功故事，我才明白这是我改变人生的机会。,True
案例-102,李娟,那真是太好了，我现在已经毫不犹豫了，我愿意加入这个组织。,False
案例-102,张丽,太好了，你做出了明智的选择。只需要你掏出8万块钱，你就可以拿到20件我们公司所谓的高级塑身产品或者美容套装。要知道千千万万的女性做梦都想把自己肚子上的脂肪移到胸部和臀部，肚子减小的同时还能丰胸和翘臀。,True
案例-102,李娟,8万块钱对于我来说确实不少，但是如果这样的产品真的可以帮助我改变人生，我觉得还是值得的。,False
案例-102,张丽,当然，这些产品是非常畅销的，外面一万一件的价格都有人抢着买，你可以把它们转手卖出去，那就是十个8万块。而且，只要你掏了8万，拿了商品，我们就可以为你开启一个权限，就是发展下级代理的权利，你也可以带亲戚朋友来参加会议，拉一个人头，并且成功地加入组织，以后立马给你奖励3万块。,True
案例-102,李娟,真的吗？那太棒了！我想一定可以为我的朋友和亲人带来幸福。,False
案例-103,肖女士,我妈妈被一个叫陈女士的人骗了，她参与了一个叫罗马交易所的投资平台，投了6万元。,False
案例-103,陈女士,你好，我是陈女士。我是一个飞扬社区的理事，我向你妈妈推荐了这个投资平台。这个平台很可靠，没有风险。你妈妈的投资是安全的。,True
案例-103,肖女士,我知道这是个骗局，我已经告诉我妈妈不要相信你了。我希望你能把钱还给我妈妈。,False
案例-103,陈女士,抱歉，我现在无法退还投资款。要是你妈妈再发展一个新成员，或者再投3万元，我可以考虑帮忙退款。,True
案例-103,肖女士,你不要再骗我们了！我们要报警！,False
案例-103,陈女士,不要报警啊，如果被当作传销处理，你们的钱可能就无法追回了。,True
案例-103,李女士,我们已经去报案了，警方正在调查这个案件。,False
案例-103,小容,我投了13万元，你们一定要帮我追回钱款啊！,False
案例-103,陈女士,对不起，我现在没钱。我会尽力帮你们争取追回钱款的。,True
案例-103,肖女士,你们都是骗子！我要告诉所有人你们的真面目！,False
案例-103,陈女士,对不起，我也是受害者，我也被骗了60多万元。我真的没有得到任何收益。,True
案例-104,李阿姨,我听说你们银行的工作人员很专业，所以特地来找你们办理转账汇款业务。,False
案例-104,诈骗者,是的，我们银行的服务一直以来都是非常专业的。请问您要办理转账汇款是用于什么用途呢？,True
案例-104,李阿姨,我要把金额转账给**金业（深圳）有限公司，用于投资。,False
案例-104,诈骗者,投资是非常明智的选择，**金业（深圳）有限公司也是一家非常有信誉的公司。他们有一个特别好的投资项目，你投资10克黄金，他们会送你额外的16克黄金，这样你就可以通过变现获得数倍的收益了。,True
案例-104,李阿姨,听起来确实很吸引人，但是我还是有些担心，毕竟涉及到这么多的钱。,False
案例-104,诈骗者,您放心，**金业（深圳）有限公司是合法注册的公司，并且已经被监管部门审核过了。他们的产品也是经过专业团队精心研发的，非常安全可信。,True
案例-104,李阿姨,那好吧，我相信你们的专业判断。我准备转账了。,False
案例-104,诈骗者,非常感谢您的信任！请您填写这张转账申请单，我来帮您办理。,True
案例-105,刘力平,大家好，我是1040阳光工程的刘力平，很高兴见到大家。,True
案例-105,李娜,你好，刘力平先生。请问你是怎么知道这个阳光工程的呢？,False
案例-105,刘力平,我是通过内部渠道了解到的。1040阳光工程是一个非常正规的资本运作项目，我们有中央操盘和国家秘密政策的支持，旨在吸聚资金，推动经济发展。,True
案例-105,李娜,听起来很有吸引力。那参加这个工程需要做些什么呢？,False
案例-105,刘力平,参加阳光工程的话，你需要交纳一笔投资款，具体金额是69800元。,True
案例-105,李娜,这个投资款如何使用呢？,False
案例-105,刘力平,投资款将被用于激励下线发展和工程实施，同时还有利润分红。,True
案例-105,李娜,那我作为投资人会获得什么回报呢？,False
案例-105,刘力平,作为投资人，你的回报将包括本金返还和利润分成。一个月后，会返还你19800元，然后按照层级瓜分剩下的利润。,True
案例-105,李娜,那瓜分利润的规则是怎样的呢？,False
案例-105,刘力平,首先，如果你直接发展一个下线，你可以获得6000元的返利；如果你发展的下线再发展一个下线，你只能获得1800多元的返利。,True
案例-105,李娜,看来发展下线很重要呢。有没有其他的规则需要注意的？,False
案例-105,刘力平,是的，只要你下线达到3人的话，你的级别就会晋升为经理，但你就无法再获得下线发展的返利了。而一旦你发展的下线升为经理，你也无法再从他们那里获得返利了。,True
案例-105,李娜,那如何才能获得更高的级别和更多的返利呢？,False
案例-105,刘力平,当你的下线人数达到28人后，你的级别就会晋升为老总，这时只要多发展一个人，你就可以获得9800元的返利。而最高级别是A4高级经理，当你的下线总人数达到168人后，你的级别就能晋升为A4高级经理。,True
案例-105,李娜,听起来可以获得很多回报啊。那这个阳光工程是如何实现的呢？,False
案例-105,刘力平,阳光工程背后有实体工程的支持，这个工程分红将成为我们回报的一部分。,True
案例-105,李娜,听起来很有前途。这个工程是否合法呢？,False
案例-105,刘力平,阳光工程是合法的资本运作项目，我们有相关政策支持，绝对正规合法。,True
案例-105,李娜,这个工程听起来不错，我有兴趣加入。请问如何注册呢？,False
案例-105,刘力平,非常好，你可以提供你的个人信息和投资款后，我们会为你注册成为阳光工程的投资人。,True
案例-106,小红,嗨，我是小红，最近听说有个很好的创业项目，你们有兴趣一起加入吗？,True
案例-106,小明,哦？是什么项目呀？听起来很有趣。,False
案例-106,小红,这个项目是关于健康养生产品的，我们可以通过团队合作来推广销售，利润非常可观。,True
案例-106,小明,养生产品？听起来挺不错的，有具体的产品介绍吗？,False
案例-106,小红,当然有啦！我们的产品是由国内外专家研发的，拥有独特的配方和技术，可以有效改善人们的健康状况。,True
案例-106,小明,那听起来确实有前途，不过我还是想先了解一下项目的背景和公司的情况，毕竟要投入时间和精力。,False
案例-106,小红,没问题！我们是一家国际知名的公司，已经在市场上运营多年，拥有强大的团队和完善的售后服务体系。,True
案例-106,小明,听起来还挺靠谱的，但是我们需要投入多少资金呢？,False
案例-106,小红,哦，资金问题不大，只需要一次性购买公司的开业套餐，价格很实惠，而且会提供培训和支持。,True
案例-106,小明,培训和支持的具体内容是什么呢？,False
案例-106,小红,我们会有专业的培训师进行培训，教你销售技巧和团队管理，同时还提供市场推广的支持和物流配送的服务。,True
案例-106,小明,听起来很全面啊，但是我还是有些疑虑，这个项目是不是合法的呢？,False
案例-106,小红,当然合法啦！我们是依法注册的公司，所有相关证照齐全，你完全不用担心。,True
案例-106,小明,好的，我会考虑一下的。,False
案例-106,小红,别考虑太久，名额有限哦，现在就可以预定位置了。,True
案例-106,小明,好的，我会尽快决定的。,False
案例-107,张晓琳,你好，我是北京X源国际集团公司的销售代表张晓琳，我们公司有一款叫做参茸产品的产品，非常有效，可以帮助增强免疫力和提高体质。,True
案例-107,王明,哇，听起来不错呀。那这个产品是怎么样的呢？,False
案例-107,张晓琳,这个参茸产品是由我们公司独家研发的，采用先进的科学技术和纯天然的材料制成，对身体非常好。,True
案例-107,刘芳,那这个产品的效果怎么样？有什么明显的改善吗？,False
案例-107,张晓琳,我们公司的参茸产品可以有效改善人体的免疫力，增强体质，减轻疲劳和压力。,True
案例-107,刘芳,听起来很不错呢，我对这个产品很感兴趣。请问购买这个产品需要多少钱？,False
案例-107,张晓琳,购买这个产品需要3800元，但是你购买之后不仅可以获得产品，还可以成为我们的普通业务员，有机会发展下线。,True
案例-107,王明,发展下线是怎么回事？有什么好处吗？,False
案例-107,张晓琳,发展下线就是推荐其他人购买产品并加入我们的团队，你可以获得提成和奖励，越发展下线越能赚钱。,True
案例-107,王明,听起来好像挺有吸引力的。我可以试试吗？,False
案例-107,张晓琳,当然可以！您只需要填写一份表格并支付购买费用，我们就可以开始合作了。,True
案例-107,刘芳,这个听起来好像挺靠谱的，我也想加入！,False
案例-107,张晓琳,太好了！你们的选择没错，加入我们的团队，我保证你们会赚到很多钱。,True
案例-108,小苏,我属于是一个贪玩的女孩子，喜欢各地去旅游，然后我过来旅游，没有想到一个旅游就把我弄到传销里，真的没有想过。,False
案例-108,小李,他们就说这边发展前景有多好，现在只要投资6万多就能有丰厚的回报，因为我家里情况也不太好，他们就说不够钱的，可以先交2万元。,True
案例-108,小王,我也听说过网贷的风险什么的是，当时自己的内心也是挺不乐意的，但是后来他们跟我说，如果要是狠下心来，以后要是有1000万，你还会在乎这些东西吗？所以就想着按他们说的去做吧，然后就贷了5万元。,True
案例-108,小苏,我要回家了，我回家陪我爸妈去了，我真的不想在这里待了。,False
案例-108,小李,希望不要因为钱这个东西，把自己的底线放弃了。,False
案例-109,小龙,每天不停有收益，然后就开始往里面加。然后又看群里面人家加得比我们还多，也没有什么别的顾虑，反正就加。,False
案例-109,王先生,之前投得不到360万元，最后这些加上有360多万元。,False
案例-109,Plus Token培训师,通过智能搬砖，在全球主流数字货币交易所，低吸高抛，对冲高频量化交易，达到每个月大概百分之十的静态收益。,True
案例-109,王先生,获利最高的时候，每天差不多有个一百万元左右。,False
案例-109,Plus Token参与者,当时也挺震惊的，也是有一点半信半疑，不太相信。,False
案例-110,李明,嗨，好久不见了！最近怎么样？,False
案例-110,王敏,哇，好久不见！最近一直很忙，不过挺好的，你呢？,False
案例-110,李明,也还行，最近正有点想换个环境玩玩，你有没有什么好地方推荐？,False
案例-110,王敏,哇，这正好！我最近正好在计划一个旅游团，去一个风景很美的地方，你有兴趣一起去吗？,True
案例-110,李明,哇，真的吗？那太好了！我一直很喜欢旅游，你说的地方一定很不错。,False
案例-110,王敏,是的，我也很期待。咱们还可以顺便谈谈有关投资创业的事情，你对此有兴趣吗？,True
案例-110,李明,当然有兴趣！我对创业一直很感兴趣，正好可以学习一下。,False
案例-110,王敏,太好了，我们可以一起分享我的成功经验，对你的创业也许会有帮助。,True
案例-110,李明,真的吗？那太感谢了！我正需要一位优秀的导师来指导我创业。,False
案例-111,小明,嗨，你好啊！我是一个创业导师，我可以帮助你实现财务自由。,True
案例-111,李华,啊，真的吗？你有什么具体的方法吗？,False
案例-111,小明,当然了！我们可以加入一个专业的团队，通过和他们合作来实现财务自由。,True
案例-111,李华,听起来不错，具体合作方式是怎样的呢？,False
案例-111,小明,我们需要投入一些启动资金，然后将产品销售给身边的亲朋好友。,True
案例-111,李华,那我可以获得怎样的回报呢？,False
案例-111,小明,你将获得相应销售额的佣金，并有机会晋升为高级合伙人，享受更多的福利。,True
案例-111,李华,听起来很有吸引力，但我还需要考虑一下。,False
案例-112,李娟,这家权健公司，听说是传销和虚假广告犯罪啦，还有公安机关正在调查呢。,False
案例-112,王伟,是吗？那他们怎么操作的呢？,False
案例-112,李娟,传销通常都是通过用谎言和虚假的理论诱骗人们，拉人入会，通过入会费骗钱。,False
案例-112,王伟,听起来好像是一个庞氏骗局啊。,False
案例-112,李娟,是的，庞氏骗局就是用后来人的钱填前面的人的窟窿，而且传销一般都是从身边最亲的人开始骗起，容易累及家人亲友。,False
案例-112,王伟,听起来真是太可怕了，被洗脑的人可能会完全无法摆脱吧。,False
案例-112,李娟,是的，如果被严重洗脑的话，基本上走不出来就完蛋了。,False
案例-112,王伟,我看现在的传销越来越可怕了，特别是随着移动互联网的发展。,False
案例-112,李娟,对啊，现在的传销手段更狡猾。比如说，新型传销常常包装成正规的互联网平台产品或服务，降低人们的警惕性。,False
案例-112,王伟,这样一来，很容易让人上当受骗啊。,False
案例-112,李娟,没错！现在有很多金融理财、消费返利和慈善互助的新型传销就是以正常的互联网产品为原型，但实际上内容完全不一样。,False
案例-112,王伟,我听说那些投资的收益率都很高，是不是也都是传销骗钱的手法啊？,False
案例-112,李娟,对的！那些金融理财传销投资内容一概模糊，收益率甚至可以达到承诺的日息四五个点。,True
案例-112,王伟,真是太不可思议了！怎么有人会相信呢？,False
案例-112,李娟,其实，这些高回报都是空头支票，主要就是为了骗人投钱，一旦钱投进去就被套住了，还得让被骗的人继续去找下一个受害者填自己的坑。,False
案例-112,王伟,另一方面，我还听说有一种传销包装成前沿尖端的新事物，利用普通人的知识盲区来骗人。,False
案例-112,李娟,是的，他们经常打着网络创投、股权投资或者云端的名头，最典型的就是现在热门的区块链和币圈。很多人对这些概念只是略有了解，而传销就趁虚而入，通过洗脑的手段骗人。,False
案例-112,王伟,听起来像是利用人们对区块链和币圈的好奇心来作为骗人的手段啊。,False
案例-112,李娟,对，这就是他们的伎俩。被洗脑的人多半是在社交平台或者网络文章里听说过区块链和币圈，但对于具体是怎么回事并不了解，传销就趁机利用这一点来洗脑他们。,False
案例-112,王伟,传销的形式和特点似乎也发生了很大的变化。,False
案例-112,李娟,是的，充斥着人身控制、暴力囚禁的传统传销已经不酷了，精神控制的微传销才是现在的主流。他们主要通过社交媒体，建立群组，利用朋友圈晒豪车、豪宅等方式来证明传销的成果，并通过网络支付让人直接付款。,False
案例-112,王伟,这样一来，既能省去线下场所的成本和暴露的风险，还能扩大影响范围，不容易被抓到证据，隐蔽性更高。,False
案例-112,李娟,没错，不过这种精神控制也有它的弱点。只要人们的思维还没被完全侵蚀，就不容易成为传销的受害者。关键就是要懂得不贪。,False
案例-112,王伟,所以，只要我们保持清醒，不贪图那种一夜暴富的图景，就能够避免成为传销的受害者了。,False
案例-112,李娟,对，无论传销的手法怎么变，最终还是要靠自己的努力才能成功。贪图侥幸，靠不劳而获是没有好结果的。只有依靠自己的知识和勤劳才能致富。,False
案例-113,陈洋,大家好，我是陈洋，我是一个心灵成长的导师。,False
案例-113,受害者1,你好陈洋，请问你是怎样帮助人们实现心灵成长的呢？,False
案例-113,陈洋,非常感谢您的关注。我通过教授一些特殊的技巧和方法，帮助人们提高频率，与宇宙能量连接，从而实现心灵的蜕变和个人成长。,False
案例-113,受害者2,听起来很神奇，这些技巧和方法有什么科学依据吗？,False
案例-113,陈洋,当然有科学依据了。我们通过集体拍大腿，可以搭建新的神经链，提高人体的频率，让我们能够更好地接受宇宙能量的加持。这种方法已经被多个科学研究机构证明有效。,True
案例-113,受害者3,啊，看起来确实有一些科学研究支持。那这种心灵成长能治愈疾病吗？,False
案例-113,陈洋,是的，当你的频率和奇迹的频率同频时，疾病就会痊愈。我们的方法能够帮助你调整心态，提高自愈能力，达到治愈疾病的效果。,True
案例-113,受害者4,听起来太好了！那参加你们的培训班需要什么条件呢？,False
案例-113,陈洋,我们的培训班对任何人开放，只要你愿意改变自己的生活，我们都欢迎你的加入。当然，培训班是需要缴纳一定的门槛费用的，这是为了确保你对学习的投入和严肃性。,True
案例-113,受害者1,门槛费用是多少呢？,False
案例-113,陈洋,根据你的需求和缴费的额度，我们有不同的层级架构和课程选择。门槛费用从数万元到数百万元不等，你可以根据自己的经济实力来选择适合的课程。,True
案例-113,受害者2,原来如此，那参加培训后能够获得什么收获呢？,False
案例-113,陈洋,参加我们的培训，你将获得一个全新的人生体验。你的家庭和事业将一帆风顺，你会拥有更多的财富和幸福。我们也会根据你的表现给予一定的奖励和提成。,True
案例-113,受害者3,听起来非常诱人，我现在就想加入培训班了！,False
案例-113,陈洋,非常感谢您的选择！请您填写一份报名表，并缴纳相应的门槛费用，我们会立即为您安排培训。,True
案例-114,邹先生,大约一年前，陆续有一些老太太到我店里要我帮忙下载手机APP，诸如‘云数贸’‘尚朋高科’‘ZGZJ中国张健’等，这些APP在手机苹果商店和安卓商店里找不到，需要到一些网站或是通过链接才能下载。老人们说要用这些软件做理财，起初我并没有在意。,False
案例-114,邹先生,据我了解，每个老人都有几个投资微信群，组织者打着‘国家数字货币’‘国家政策支持’等名义宣讲，老人们每天在里面‘学习交流’。我播放微信群里组织者发出的语音，发现他们都是‘南方口音’，这更引起了我的警觉。,False
案例-114,邹先生,后来上网查询，果然这些都属于网络传销，其中一款‘云数贸’早在2013年就被公安部定性为传销，此类传销通常以非法入股、融资手段，通过手机微信、QQ等发展下线，引诱上当者交钱投资，黑手伸向老人的钱袋。我好心告知老人们，他们不但不理会，反而要出钱为我做一份投资。,False
案例-114,战阿姨,2017年经老朋友介绍开始做APP投资，投的是一种虚拟货币‘五行币’，当时大约有三四十位老朋友都在做类似投资。我每月的退休金7000多元，日常开销花不上2000元，其余的都买保健品、做APP投资了，这几年投入至少十几万元。我将来要将收益分享给亲朋好友！,False
案例-114,战阿姨,从群里我学到很多‘知识’，知道国家正在推广数字货币，这些APP正是‘响应国家政策’推出的，我是在为国家做‘贡献’。,False
案例-114,王阿姨,我每月的退休金约2000元，2016年至今已投资了3万多元。尽管没有任何收益，但我对投资非常有信心。亲朋好友不投资，我将来要将收益分享给他们！,False
案例-114,王阿姨,这种投资模式国家现在是秘密进行的，如果公开了，那年轻人不都来抢购了？谁还上班？,False
案例-115,鲁某,我在传销里过得非常凄惨，根本没有钱，车也不经常开，因为加不起油。,False
案例-115,鲁某,我感觉自己掉进冰窟一样，心情掉差到极点了，我的一切梦都破碎了。,False
案例-115,鲁某,传销真的是一个假的骗局。,True
案例-116,小青,导游：北部湾被称为西部开发的龙头，因为整个北部湾，是中国西部十二个省市打造的唯一一个出海口。,True
案例-116,小明,真的吗？那听起来很不错啊。,False
案例-116,小红,导游：大家一会儿会看到三个老头叼着大烟袋，南方老头叼着北方烟袋，说明大家汇集在这里鼓足勇气博一次，富三代。一会儿会看到七条帆船，我们知道七条帆船是一个联合舰队，啥意思，告诉大家今天来到北部湾，手拉手，肩并肩，抱成一股团，拧成一股绳，一起登到那个舰队，扬帆远航。,True
案例-116,小明,听起来好像很有收益的样子，是吧？,False
案例-116,小红,导游：想想30年轻的深圳，你告诉我全中国人民有几个人能看懂，现在全中国人民都看懂了，与你有一毛钱关系吗？,True
案例-116,小明,确实，现在投资是很有风险的。,False
案例-116,小青,传销人员：投资69800元拿回1040万这位传销人员还解释，所投资的69800其实是在给国家投资，国家会拿着你的钱开发西部、修高铁、建楼盘等等，通过投资获得利润，投资的人会在国家的发展中分到收益，只要达到29人，也就是上平台升总之后，就会拿到国家分给你的1040万。,True
案例-116,小明,听起来挺可观的，一下子就能拿到那么多钱。,False
案例-116,小红,传销人员：69800等于什么，等于买了21个份额，虚拟的，就跟当年的股票是一样的，我们出局的时候给国家带来了1.6个亿的资金，国家给我们百分之十的代理费，我们挣的钱只是招商引资挣的钱的一小部分，在这里是谁把大头拿走了，是国家把大头拿走了。,True
案例-116,小明,听上去好像只是向国家投资一样，国家还有代理费呢。,False
案例-116,小红,传销人员：焦点访谈上的东西国家领导人要关注的，明明写的69800是传销，那这些传销组织傻啊，还用69800，国家的政策不允许改变，让有志之士能够看懂。,True
案例-116,小明,确实有道理，国家领导人都支持，应该是没有问题的。,False
案例-116,小红,传销人员：来这第一件事情就是租房子，租完房后每天解决温饱问题，粮油还有一些小的日用品，咱们按40万人算，每天每人消费40块钱，一个月是2.4个亿，当地老百姓能没有钱吗？我们就等于零距离的扶贫了。,True
案例-116,小明,确实，可以帮助当地发展的同时，也可以改善自己的生活。,False
案例-116,小红,传销受害者：行业内说这些宏观的东西都是很正常的，所以人也变得比较麻木了。,True
案例-116,小明,确实，市场上的行为都是受到政府监管的，应该是合法的。,False
案例-116,小红,传销人员：这个模式也许跟传销当年的模式是一样的，但是这个要看谁在操纵，个人的话那就是传销，当地政府的话控制这么多家银行，只有国家才有这个权利。,True
案例-116,小明,确实，国家政府掌握了这么多权利，应该是可以保障公民的利益的。,False
案例-117,李强,你好，小张，听说暑假你想找一份实习工作？我这边有一个不错的机会，收入还挺不错的，想不想了解一下？,True
案例-117,张伟,是的，李强哥，我正好在找实习工作。能不能告诉我这是哪方面的工作啊？,False
案例-117,李强,这是一个销售和市场推广的项目，我们公司是做高科技产品的，你的任务是帮助我们推广产品。工作方式非常灵活，收入也很可观。,True
案例-117,张伟,听起来不错，我需要做些什么呢？,False
案例-117,李强,你需要交一笔保证金，作为加入项目的门槛费用。这主要是为了确保你是认真的，我们公司也会提供相关的培训和资源。放心，这笔钱以后是会退还给你的。,True
案例-117,张伟,要交多少保证金啊？我现在手头有点紧。,False
案例-117,李强,不多，就是五千块钱。你放心，这钱是完全可退的，而且赚到的第一笔提成这点钱就回来了。我们这个项目现在有很多大学生加入，他们的反馈都很好。,True
案例-117,张伟,那好吧，我回去想想办法凑齐五千块钱，然后联系你。,False
案例-117,李强,好，你尽快凑齐，我帮你把名额预留着。相信我，加入这个项目你不会后悔的。,True
案例-117,张伟,谢谢李强哥，我会尽快联系你的。,False
案例-118,李鹏,龚先生，你好！我是你老朋友李鹏。最近我找到一个特别好的项目，在宜昌做工程，当项目经理赚大钱，你感兴趣吗？,True
案例-118,龚先生,真的吗？听起来不错。能给我详细说说吗？,False
案例-118,李鹏,当然了，这个项目真的是个千载难逢的好机会。如果你感兴趣，来宜昌看看吧，我带你详细了解。,True
案例-118,龚先生,好吧，我愿意去看看。,False
案例-118,岑伟民,龚先生，你好，我是李鹏的朋友岑伟民。我来接你，带你去我们做项目的地方。,True
案例-118,龚先生,好的，麻烦你了。,False
案例-118,李鹏,龚先生，欢迎。我需要坦白，其实我们没有什么工程，这里是卖“产品”2800元一套。你得加入我们组织，才有好果子吃。,True
案例-118,龚先生,李鹏，你在开玩笑吧？这是什么情况？,False
案例-118,李鹏,我没有开玩笑，不买“产品”你就走不了。交钱后你才能自由。,True
案例-118,龚先生,好吧，我会考虑的。,False
案例-118,陆彦辉,龚先生，我们这儿买的产品其实很好。你会有很好的回报的。,True
案例-118,龚先生,我需要时间考虑，你们能不能松开我，给点时间？,False
案例-118,李春利,龚先生，我们其实也是为了你好，加入我们会让你有好日子过。,True
案例-118,龚先生,好吧，我愿意交钱放我走。,False
案例-118,周奇,你做了正确的选择。交了钱就不会再受暴力对待了。,True
案例-118,龚先生,好的，我已经准备好了钱。,False
案例-118,李鹏,那好，钱交了之后我们会让你自由的。,True
案例-118,龚先生,钱已经交了，什么时候能放我走？,False
案例-118,周奇,我们会安排的，但还需要再等个几天。,True
案例-118,龚先生,我决定和警方联系，这太可怕了。,False
